$date
	Wed Sep  2 09:42:06 2026
$end
$version
	Icarus Verilog
$end
$timescale
	1s
$end
$scope module vga_vsync_tb $end
$var wire 1 ! v_sync $end
$var wire 10 " v_count [9:0] $end
$var wire 1 # v_active $end
$var reg 1 $ clk $end
$var reg 1 % h_sync_tick $end
$var reg 1 & prev_active $end
$var reg 1 ' prev_sync $end
$var reg 1 ( reset $end
$scope module DUT $end
$var wire 1 $ clk $end
$var wire 1 % h_sync_tick $end
$var wire 1 ( reset $end
$var parameter 32 ) V_ACTIVE $end
$var parameter 32 * V_BACK_PORCH $end
$var parameter 32 + V_FRONT_PORCH $end
$var parameter 32 , V_SYNC_PULSE $end
$var parameter 35 - V_TOTAL $end
$var reg 1 # v_active $end
$var reg 10 . v_count [9:0] $end
$var reg 1 ! v_sync $end
$upscope $end
$upscope $end
$enddefinitions $end
$comment Show the parameter values. $end
$dumpall
b1000001101 -
b10 ,
b1010 +
b100001 *
b111100000 )
$end
#0
$dumpvars
b0 .
1(
1'
0&
0%
0$
0#
b0 "
1!
$end
#20
1$
#40
0$
#60
1$
#80
0$
#100
1$
#120
0$
#140
1$
#160
0$
#180
1#
0(
1$
#200
0$
#220
1&
1$
#240
0$
#260
1$
#280
0$
#300
1$
#320
0$
#340
1$
#360
0$
#380
1$
#400
0$
#420
1$
#440
0$
#460
1$
#480
0$
#500
1$
#520
0$
#540
1$
#560
0$
#580
1$
#600
0$
#620
1$
#640
0$
#660
1$
#680
0$
#700
1$
#720
0$
#740
1$
#760
0$
#780
1$
#800
0$
1%
#820
b1 "
b1 .
1$
#840
0$
0%
#860
1$
#880
0$
#900
1$
#920
0$
#940
1$
#960
0$
#980
1$
#1000
0$
#1020
1$
#1040
0$
#1060
1$
#1080
0$
#1100
1$
#1120
0$
#1140
1$
#1160
0$
#1180
1$
#1200
0$
#1220
1$
#1240
0$
#1260
1$
#1280
0$
#1300
1$
#1320
0$
#1340
1$
#1360
0$
#1380
1$
#1400
0$
#1420
1$
#1440
0$
#1460
1$
#1480
0$
#1500
1$
#1520
0$
#1540
1$
#1560
0$
#1580
1$
#1600
0$
#1620
1$
#1640
0$
1%
#1660
b10 "
b10 .
1$
#1680
0$
0%
#1700
1$
#1720
0$
#1740
1$
#1760
0$
#1780
1$
#1800
0$
#1820
1$
#1840
0$
#1860
1$
#1880
0$
#1900
1$
#1920
0$
#1940
1$
#1960
0$
#1980
1$
#2000
0$
#2020
1$
#2040
0$
#2060
1$
#2080
0$
#2100
1$
#2120
0$
#2140
1$
#2160
0$
#2180
1$
#2200
0$
#2220
1$
#2240
0$
#2260
1$
#2280
0$
#2300
1$
#2320
0$
#2340
1$
#2360
0$
#2380
1$
#2400
0$
#2420
1$
#2440
0$
#2460
1$
#2480
0$
1%
#2500
b11 "
b11 .
1$
#2520
0$
0%
#2540
1$
#2560
0$
#2580
1$
#2600
0$
#2620
1$
#2640
0$
#2660
1$
#2680
0$
#2700
1$
#2720
0$
#2740
1$
#2760
0$
#2780
1$
#2800
0$
#2820
1$
#2840
0$
#2860
1$
#2880
0$
#2900
1$
#2920
0$
#2940
1$
#2960
0$
#2980
1$
#3000
0$
#3020
1$
#3040
0$
#3060
1$
#3080
0$
#3100
1$
#3120
0$
#3140
1$
#3160
0$
#3180
1$
#3200
0$
#3220
1$
#3240
0$
#3260
1$
#3280
0$
#3300
1$
#3320
0$
1%
#3340
b100 "
b100 .
1$
#3360
0$
0%
#3380
1$
#3400
0$
#3420
1$
#3440
0$
#3460
1$
#3480
0$
#3500
1$
#3520
0$
#3540
1$
#3560
0$
#3580
1$
#3600
0$
#3620
1$
#3640
0$
#3660
1$
#3680
0$
#3700
1$
#3720
0$
#3740
1$
#3760
0$
#3780
1$
#3800
0$
#3820
1$
#3840
0$
#3860
1$
#3880
0$
#3900
1$
#3920
0$
#3940
1$
#3960
0$
#3980
1$
#4000
0$
#4020
1$
#4040
0$
#4060
1$
#4080
0$
#4100
1$
#4120
0$
#4140
1$
#4160
0$
1%
#4180
b101 "
b101 .
1$
#4200
0$
0%
#4220
1$
#4240
0$
#4260
1$
#4280
0$
#4300
1$
#4320
0$
#4340
1$
#4360
0$
#4380
1$
#4400
0$
#4420
1$
#4440
0$
#4460
1$
#4480
0$
#4500
1$
#4520
0$
#4540
1$
#4560
0$
#4580
1$
#4600
0$
#4620
1$
#4640
0$
#4660
1$
#4680
0$
#4700
1$
#4720
0$
#4740
1$
#4760
0$
#4780
1$
#4800
0$
#4820
1$
#4840
0$
#4860
1$
#4880
0$
#4900
1$
#4920
0$
#4940
1$
#4960
0$
#4980
1$
#5000
0$
1%
#5020
b110 "
b110 .
1$
#5040
0$
0%
#5060
1$
#5080
0$
#5100
1$
#5120
0$
#5140
1$
#5160
0$
#5180
1$
#5200
0$
#5220
1$
#5240
0$
#5260
1$
#5280
0$
#5300
1$
#5320
0$
#5340
1$
#5360
0$
#5380
1$
#5400
0$
#5420
1$
#5440
0$
#5460
1$
#5480
0$
#5500
1$
#5520
0$
#5540
1$
#5560
0$
#5580
1$
#5600
0$
#5620
1$
#5640
0$
#5660
1$
#5680
0$
#5700
1$
#5720
0$
#5740
1$
#5760
0$
#5780
1$
#5800
0$
#5820
1$
#5840
0$
1%
#5860
b111 "
b111 .
1$
#5880
0$
0%
#5900
1$
#5920
0$
#5940
1$
#5960
0$
#5980
1$
#6000
0$
#6020
1$
#6040
0$
#6060
1$
#6080
0$
#6100
1$
#6120
0$
#6140
1$
#6160
0$
#6180
1$
#6200
0$
#6220
1$
#6240
0$
#6260
1$
#6280
0$
#6300
1$
#6320
0$
#6340
1$
#6360
0$
#6380
1$
#6400
0$
#6420
1$
#6440
0$
#6460
1$
#6480
0$
#6500
1$
#6520
0$
#6540
1$
#6560
0$
#6580
1$
#6600
0$
#6620
1$
#6640
0$
#6660
1$
#6680
0$
1%
#6700
b1000 "
b1000 .
1$
#6720
0$
0%
#6740
1$
#6760
0$
#6780
1$
#6800
0$
#6820
1$
#6840
0$
#6860
1$
#6880
0$
#6900
1$
#6920
0$
#6940
1$
#6960
0$
#6980
1$
#7000
0$
#7020
1$
#7040
0$
#7060
1$
#7080
0$
#7100
1$
#7120
0$
#7140
1$
#7160
0$
#7180
1$
#7200
0$
#7220
1$
#7240
0$
#7260
1$
#7280
0$
#7300
1$
#7320
0$
#7340
1$
#7360
0$
#7380
1$
#7400
0$
#7420
1$
#7440
0$
#7460
1$
#7480
0$
#7500
1$
#7520
0$
1%
#7540
b1001 "
b1001 .
1$
#7560
0$
0%
#7580
1$
#7600
0$
#7620
1$
#7640
0$
#7660
1$
#7680
0$
#7700
1$
#7720
0$
#7740
1$
#7760
0$
#7780
1$
#7800
0$
#7820
1$
#7840
0$
#7860
1$
#7880
0$
#7900
1$
#7920
0$
#7940
1$
#7960
0$
#7980
1$
#8000
0$
#8020
1$
#8040
0$
#8060
1$
#8080
0$
#8100
1$
#8120
0$
#8140
1$
#8160
0$
#8180
1$
#8200
0$
#8220
1$
#8240
0$
#8260
1$
#8280
0$
#8300
1$
#8320
0$
#8340
1$
#8360
0$
1%
#8380
b1010 "
b1010 .
1$
#8400
0$
0%
#8420
1$
#8440
0$
#8460
1$
#8480
0$
#8500
1$
#8520
0$
#8540
1$
#8560
0$
#8580
1$
#8600
0$
#8620
1$
#8640
0$
#8660
1$
#8680
0$
#8700
1$
#8720
0$
#8740
1$
#8760
0$
#8780
1$
#8800
0$
#8820
1$
#8840
0$
#8860
1$
#8880
0$
#8900
1$
#8920
0$
#8940
1$
#8960
0$
#8980
1$
#9000
0$
#9020
1$
#9040
0$
#9060
1$
#9080
0$
#9100
1$
#9120
0$
#9140
1$
#9160
0$
#9180
1$
#9200
0$
1%
#9220
b1011 "
b1011 .
1$
#9240
0$
0%
#9260
1$
#9280
0$
#9300
1$
#9320
0$
#9340
1$
#9360
0$
#9380
1$
#9400
0$
#9420
1$
#9440
0$
#9460
1$
#9480
0$
#9500
1$
#9520
0$
#9540
1$
#9560
0$
#9580
1$
#9600
0$
#9620
1$
#9640
0$
#9660
1$
#9680
0$
#9700
1$
#9720
0$
#9740
1$
#9760
0$
#9780
1$
#9800
0$
#9820
1$
#9840
0$
#9860
1$
#9880
0$
#9900
1$
#9920
0$
#9940
1$
#9960
0$
#9980
1$
#10000
0$
#10020
1$
#10040
0$
1%
#10060
b1100 "
b1100 .
1$
#10080
0$
0%
#10100
1$
#10120
0$
#10140
1$
#10160
0$
#10180
1$
#10200
0$
#10220
1$
#10240
0$
#10260
1$
#10280
0$
#10300
1$
#10320
0$
#10340
1$
#10360
0$
#10380
1$
#10400
0$
#10420
1$
#10440
0$
#10460
1$
#10480
0$
#10500
1$
#10520
0$
#10540
1$
#10560
0$
#10580
1$
#10600
0$
#10620
1$
#10640
0$
#10660
1$
#10680
0$
#10700
1$
#10720
0$
#10740
1$
#10760
0$
#10780
1$
#10800
0$
#10820
1$
#10840
0$
#10860
1$
#10880
0$
1%
#10900
b1101 "
b1101 .
1$
#10920
0$
0%
#10940
1$
#10960
0$
#10980
1$
#11000
0$
#11020
1$
#11040
0$
#11060
1$
#11080
0$
#11100
1$
#11120
0$
#11140
1$
#11160
0$
#11180
1$
#11200
0$
#11220
1$
#11240
0$
#11260
1$
#11280
0$
#11300
1$
#11320
0$
#11340
1$
#11360
0$
#11380
1$
#11400
0$
#11420
1$
#11440
0$
#11460
1$
#11480
0$
#11500
1$
#11520
0$
#11540
1$
#11560
0$
#11580
1$
#11600
0$
#11620
1$
#11640
0$
#11660
1$
#11680
0$
#11700
1$
#11720
0$
1%
#11740
b1110 "
b1110 .
1$
#11760
0$
0%
#11780
1$
#11800
0$
#11820
1$
#11840
0$
#11860
1$
#11880
0$
#11900
1$
#11920
0$
#11940
1$
#11960
0$
#11980
1$
#12000
0$
#12020
1$
#12040
0$
#12060
1$
#12080
0$
#12100
1$
#12120
0$
#12140
1$
#12160
0$
#12180
1$
#12200
0$
#12220
1$
#12240
0$
#12260
1$
#12280
0$
#12300
1$
#12320
0$
#12340
1$
#12360
0$
#12380
1$
#12400
0$
#12420
1$
#12440
0$
#12460
1$
#12480
0$
#12500
1$
#12520
0$
#12540
1$
#12560
0$
1%
#12580
b1111 "
b1111 .
1$
#12600
0$
0%
#12620
1$
#12640
0$
#12660
1$
#12680
0$
#12700
1$
#12720
0$
#12740
1$
#12760
0$
#12780
1$
#12800
0$
#12820
1$
#12840
0$
#12860
1$
#12880
0$
#12900
1$
#12920
0$
#12940
1$
#12960
0$
#12980
1$
#13000
0$
#13020
1$
#13040
0$
#13060
1$
#13080
0$
#13100
1$
#13120
0$
#13140
1$
#13160
0$
#13180
1$
#13200
0$
#13220
1$
#13240
0$
#13260
1$
#13280
0$
#13300
1$
#13320
0$
#13340
1$
#13360
0$
#13380
1$
#13400
0$
1%
#13420
b10000 "
b10000 .
1$
#13440
0$
0%
#13460
1$
#13480
0$
#13500
1$
#13520
0$
#13540
1$
#13560
0$
#13580
1$
#13600
0$
#13620
1$
#13640
0$
#13660
1$
#13680
0$
#13700
1$
#13720
0$
#13740
1$
#13760
0$
#13780
1$
#13800
0$
#13820
1$
#13840
0$
#13860
1$
#13880
0$
#13900
1$
#13920
0$
#13940
1$
#13960
0$
#13980
1$
#14000
0$
#14020
1$
#14040
0$
#14060
1$
#14080
0$
#14100
1$
#14120
0$
#14140
1$
#14160
0$
#14180
1$
#14200
0$
#14220
1$
#14240
0$
1%
#14260
b10001 "
b10001 .
1$
#14280
0$
0%
#14300
1$
#14320
0$
#14340
1$
#14360
0$
#14380
1$
#14400
0$
#14420
1$
#14440
0$
#14460
1$
#14480
0$
#14500
1$
#14520
0$
#14540
1$
#14560
0$
#14580
1$
#14600
0$
#14620
1$
#14640
0$
#14660
1$
#14680
0$
#14700
1$
#14720
0$
#14740
1$
#14760
0$
#14780
1$
#14800
0$
#14820
1$
#14840
0$
#14860
1$
#14880
0$
#14900
1$
#14920
0$
#14940
1$
#14960
0$
#14980
1$
#15000
0$
#15020
1$
#15040
0$
#15060
1$
#15080
0$
1%
#15100
b10010 "
b10010 .
1$
#15120
0$
0%
#15140
1$
#15160
0$
#15180
1$
#15200
0$
#15220
1$
#15240
0$
#15260
1$
#15280
0$
#15300
1$
#15320
0$
#15340
1$
#15360
0$
#15380
1$
#15400
0$
#15420
1$
#15440
0$
#15460
1$
#15480
0$
#15500
1$
#15520
0$
#15540
1$
#15560
0$
#15580
1$
#15600
0$
#15620
1$
#15640
0$
#15660
1$
#15680
0$
#15700
1$
#15720
0$
#15740
1$
#15760
0$
#15780
1$
#15800
0$
#15820
1$
#15840
0$
#15860
1$
#15880
0$
#15900
1$
#15920
0$
1%
#15940
b10011 "
b10011 .
1$
#15960
0$
0%
#15980
1$
#16000
0$
#16020
1$
#16040
0$
#16060
1$
#16080
0$
#16100
1$
#16120
0$
#16140
1$
#16160
0$
#16180
1$
#16200
0$
#16220
1$
#16240
0$
#16260
1$
#16280
0$
#16300
1$
#16320
0$
#16340
1$
#16360
0$
#16380
1$
#16400
0$
#16420
1$
#16440
0$
#16460
1$
#16480
0$
#16500
1$
#16520
0$
#16540
1$
#16560
0$
#16580
1$
#16600
0$
#16620
1$
#16640
0$
#16660
1$
#16680
0$
#16700
1$
#16720
0$
#16740
1$
#16760
0$
1%
#16780
b10100 "
b10100 .
1$
#16800
0$
0%
#16820
1$
#16840
0$
#16860
1$
#16880
0$
#16900
1$
#16920
0$
#16940
1$
#16960
0$
#16980
1$
#17000
0$
#17020
1$
#17040
0$
#17060
1$
#17080
0$
#17100
1$
#17120
0$
#17140
1$
#17160
0$
#17180
1$
#17200
0$
#17220
1$
#17240
0$
#17260
1$
#17280
0$
#17300
1$
#17320
0$
#17340
1$
#17360
0$
#17380
1$
#17400
0$
#17420
1$
#17440
0$
#17460
1$
#17480
0$
#17500
1$
#17520
0$
#17540
1$
#17560
0$
#17580
1$
#17600
0$
1%
#17620
b10101 "
b10101 .
1$
#17640
0$
0%
#17660
1$
#17680
0$
#17700
1$
#17720
0$
#17740
1$
#17760
0$
#17780
1$
#17800
0$
#17820
1$
#17840
0$
#17860
1$
#17880
0$
#17900
1$
#17920
0$
#17940
1$
#17960
0$
#17980
1$
#18000
0$
#18020
1$
#18040
0$
#18060
1$
#18080
0$
#18100
1$
#18120
0$
#18140
1$
#18160
0$
#18180
1$
#18200
0$
#18220
1$
#18240
0$
#18260
1$
#18280
0$
#18300
1$
#18320
0$
#18340
1$
#18360
0$
#18380
1$
#18400
0$
#18420
1$
#18440
0$
1%
#18460
b10110 "
b10110 .
1$
#18480
0$
0%
#18500
1$
#18520
0$
#18540
1$
#18560
0$
#18580
1$
#18600
0$
#18620
1$
#18640
0$
#18660
1$
#18680
0$
#18700
1$
#18720
0$
#18740
1$
#18760
0$
#18780
1$
#18800
0$
#18820
1$
#18840
0$
#18860
1$
#18880
0$
#18900
1$
#18920
0$
#18940
1$
#18960
0$
#18980
1$
#19000
0$
#19020
1$
#19040
0$
#19060
1$
#19080
0$
#19100
1$
#19120
0$
#19140
1$
#19160
0$
#19180
1$
#19200
0$
#19220
1$
#19240
0$
#19260
1$
#19280
0$
1%
#19300
b10111 "
b10111 .
1$
#19320
0$
0%
#19340
1$
#19360
0$
#19380
1$
#19400
0$
#19420
1$
#19440
0$
#19460
1$
#19480
0$
#19500
1$
#19520
0$
#19540
1$
#19560
0$
#19580
1$
#19600
0$
#19620
1$
#19640
0$
#19660
1$
#19680
0$
#19700
1$
#19720
0$
#19740
1$
#19760
0$
#19780
1$
#19800
0$
#19820
1$
#19840
0$
#19860
1$
#19880
0$
#19900
1$
#19920
0$
#19940
1$
#19960
0$
#19980
1$
#20000
0$
#20020
1$
#20040
0$
#20060
1$
#20080
0$
#20100
1$
#20120
0$
1%
#20140
b11000 "
b11000 .
1$
#20160
0$
0%
#20180
1$
#20200
0$
#20220
1$
#20240
0$
#20260
1$
#20280
0$
#20300
1$
#20320
0$
#20340
1$
#20360
0$
#20380
1$
#20400
0$
#20420
1$
#20440
0$
#20460
1$
#20480
0$
#20500
1$
#20520
0$
#20540
1$
#20560
0$
#20580
1$
#20600
0$
#20620
1$
#20640
0$
#20660
1$
#20680
0$
#20700
1$
#20720
0$
#20740
1$
#20760
0$
#20780
1$
#20800
0$
#20820
1$
#20840
0$
#20860
1$
#20880
0$
#20900
1$
#20920
0$
#20940
1$
#20960
0$
1%
#20980
b11001 "
b11001 .
1$
#21000
0$
0%
#21020
1$
#21040
0$
#21060
1$
#21080
0$
#21100
1$
#21120
0$
#21140
1$
#21160
0$
#21180
1$
#21200
0$
#21220
1$
#21240
0$
#21260
1$
#21280
0$
#21300
1$
#21320
0$
#21340
1$
#21360
0$
#21380
1$
#21400
0$
#21420
1$
#21440
0$
#21460
1$
#21480
0$
#21500
1$
#21520
0$
#21540
1$
#21560
0$
#21580
1$
#21600
0$
#21620
1$
#21640
0$
#21660
1$
#21680
0$
#21700
1$
#21720
0$
#21740
1$
#21760
0$
#21780
1$
#21800
0$
1%
#21820
b11010 "
b11010 .
1$
#21840
0$
0%
#21860
1$
#21880
0$
#21900
1$
#21920
0$
#21940
1$
#21960
0$
#21980
1$
#22000
0$
#22020
1$
#22040
0$
#22060
1$
#22080
0$
#22100
1$
#22120
0$
#22140
1$
#22160
0$
#22180
1$
#22200
0$
#22220
1$
#22240
0$
#22260
1$
#22280
0$
#22300
1$
#22320
0$
#22340
1$
#22360
0$
#22380
1$
#22400
0$
#22420
1$
#22440
0$
#22460
1$
#22480
0$
#22500
1$
#22520
0$
#22540
1$
#22560
0$
#22580
1$
#22600
0$
#22620
1$
#22640
0$
1%
#22660
b11011 "
b11011 .
1$
#22680
0$
0%
#22700
1$
#22720
0$
#22740
1$
#22760
0$
#22780
1$
#22800
0$
#22820
1$
#22840
0$
#22860
1$
#22880
0$
#22900
1$
#22920
0$
#22940
1$
#22960
0$
#22980
1$
#23000
0$
#23020
1$
#23040
0$
#23060
1$
#23080
0$
#23100
1$
#23120
0$
#23140
1$
#23160
0$
#23180
1$
#23200
0$
#23220
1$
#23240
0$
#23260
1$
#23280
0$
#23300
1$
#23320
0$
#23340
1$
#23360
0$
#23380
1$
#23400
0$
#23420
1$
#23440
0$
#23460
1$
#23480
0$
1%
#23500
b11100 "
b11100 .
1$
#23520
0$
0%
#23540
1$
#23560
0$
#23580
1$
#23600
0$
#23620
1$
#23640
0$
#23660
1$
#23680
0$
#23700
1$
#23720
0$
#23740
1$
#23760
0$
#23780
1$
#23800
0$
#23820
1$
#23840
0$
#23860
1$
#23880
0$
#23900
1$
#23920
0$
#23940
1$
#23960
0$
#23980
1$
#24000
0$
#24020
1$
#24040
0$
#24060
1$
#24080
0$
#24100
1$
#24120
0$
#24140
1$
#24160
0$
#24180
1$
#24200
0$
#24220
1$
#24240
0$
#24260
1$
#24280
0$
#24300
1$
#24320
0$
1%
#24340
b11101 "
b11101 .
1$
#24360
0$
0%
#24380
1$
#24400
0$
#24420
1$
#24440
0$
#24460
1$
#24480
0$
#24500
1$
#24520
0$
#24540
1$
#24560
0$
#24580
1$
#24600
0$
#24620
1$
#24640
0$
#24660
1$
#24680
0$
#24700
1$
#24720
0$
#24740
1$
#24760
0$
#24780
1$
#24800
0$
#24820
1$
#24840
0$
#24860
1$
#24880
0$
#24900
1$
#24920
0$
#24940
1$
#24960
0$
#24980
1$
#25000
0$
#25020
1$
#25040
0$
#25060
1$
#25080
0$
#25100
1$
#25120
0$
#25140
1$
#25160
0$
1%
#25180
b11110 "
b11110 .
1$
#25200
0$
0%
#25220
1$
#25240
0$
#25260
1$
#25280
0$
#25300
1$
#25320
0$
#25340
1$
#25360
0$
#25380
1$
#25400
0$
#25420
1$
#25440
0$
#25460
1$
#25480
0$
#25500
1$
#25520
0$
#25540
1$
#25560
0$
#25580
1$
#25600
0$
#25620
1$
#25640
0$
#25660
1$
#25680
0$
#25700
1$
#25720
0$
#25740
1$
#25760
0$
#25780
1$
#25800
0$
#25820
1$
#25840
0$
#25860
1$
#25880
0$
#25900
1$
#25920
0$
#25940
1$
#25960
0$
#25980
1$
#26000
0$
1%
#26020
b11111 "
b11111 .
1$
#26040
0$
0%
#26060
1$
#26080
0$
#26100
1$
#26120
0$
#26140
1$
#26160
0$
#26180
1$
#26200
0$
#26220
1$
#26240
0$
#26260
1$
#26280
0$
#26300
1$
#26320
0$
#26340
1$
#26360
0$
#26380
1$
#26400
0$
#26420
1$
#26440
0$
#26460
1$
#26480
0$
#26500
1$
#26520
0$
#26540
1$
#26560
0$
#26580
1$
#26600
0$
#26620
1$
#26640
0$
#26660
1$
#26680
0$
#26700
1$
#26720
0$
#26740
1$
#26760
0$
#26780
1$
#26800
0$
#26820
1$
#26840
0$
1%
#26860
b100000 "
b100000 .
1$
#26880
0$
0%
#26900
1$
#26920
0$
#26940
1$
#26960
0$
#26980
1$
#27000
0$
#27020
1$
#27040
0$
#27060
1$
#27080
0$
#27100
1$
#27120
0$
#27140
1$
#27160
0$
#27180
1$
#27200
0$
#27220
1$
#27240
0$
#27260
1$
#27280
0$
#27300
1$
#27320
0$
#27340
1$
#27360
0$
#27380
1$
#27400
0$
#27420
1$
#27440
0$
#27460
1$
#27480
0$
#27500
1$
#27520
0$
#27540
1$
#27560
0$
#27580
1$
#27600
0$
#27620
1$
#27640
0$
#27660
1$
#27680
0$
1%
#27700
b100001 "
b100001 .
1$
#27720
0$
0%
#27740
1$
#27760
0$
#27780
1$
#27800
0$
#27820
1$
#27840
0$
#27860
1$
#27880
0$
#27900
1$
#27920
0$
#27940
1$
#27960
0$
#27980
1$
#28000
0$
#28020
1$
#28040
0$
#28060
1$
#28080
0$
#28100
1$
#28120
0$
#28140
1$
#28160
0$
#28180
1$
#28200
0$
#28220
1$
#28240
0$
#28260
1$
#28280
0$
#28300
1$
#28320
0$
#28340
1$
#28360
0$
#28380
1$
#28400
0$
#28420
1$
#28440
0$
#28460
1$
#28480
0$
#28500
1$
#28520
0$
1%
#28540
b100010 "
b100010 .
1$
#28560
0$
0%
#28580
1$
#28600
0$
#28620
1$
#28640
0$
#28660
1$
#28680
0$
#28700
1$
#28720
0$
#28740
1$
#28760
0$
#28780
1$
#28800
0$
#28820
1$
#28840
0$
#28860
1$
#28880
0$
#28900
1$
#28920
0$
#28940
1$
#28960
0$
#28980
1$
#29000
0$
#29020
1$
#29040
0$
#29060
1$
#29080
0$
#29100
1$
#29120
0$
#29140
1$
#29160
0$
#29180
1$
#29200
0$
#29220
1$
#29240
0$
#29260
1$
#29280
0$
#29300
1$
#29320
0$
#29340
1$
#29360
0$
1%
#29380
b100011 "
b100011 .
1$
#29400
0$
0%
#29420
1$
#29440
0$
#29460
1$
#29480
0$
#29500
1$
#29520
0$
#29540
1$
#29560
0$
#29580
1$
#29600
0$
#29620
1$
#29640
0$
#29660
1$
#29680
0$
#29700
1$
#29720
0$
#29740
1$
#29760
0$
#29780
1$
#29800
0$
#29820
1$
#29840
0$
#29860
1$
#29880
0$
#29900
1$
#29920
0$
#29940
1$
#29960
0$
#29980
1$
#30000
0$
#30020
1$
#30040
0$
#30060
1$
#30080
0$
#30100
1$
#30120
0$
#30140
1$
#30160
0$
#30180
1$
#30200
0$
1%
#30220
b100100 "
b100100 .
1$
#30240
0$
0%
#30260
1$
#30280
0$
#30300
1$
#30320
0$
#30340
1$
#30360
0$
#30380
1$
#30400
0$
#30420
1$
#30440
0$
#30460
1$
#30480
0$
#30500
1$
#30520
0$
#30540
1$
#30560
0$
#30580
1$
#30600
0$
#30620
1$
#30640
0$
#30660
1$
#30680
0$
#30700
1$
#30720
0$
#30740
1$
#30760
0$
#30780
1$
#30800
0$
#30820
1$
#30840
0$
#30860
1$
#30880
0$
#30900
1$
#30920
0$
#30940
1$
#30960
0$
#30980
1$
#31000
0$
#31020
1$
#31040
0$
1%
#31060
b100101 "
b100101 .
1$
#31080
0$
0%
#31100
1$
#31120
0$
#31140
1$
#31160
0$
#31180
1$
#31200
0$
#31220
1$
#31240
0$
#31260
1$
#31280
0$
#31300
1$
#31320
0$
#31340
1$
#31360
0$
#31380
1$
#31400
0$
#31420
1$
#31440
0$
#31460
1$
#31480
0$
#31500
1$
#31520
0$
#31540
1$
#31560
0$
#31580
1$
#31600
0$
#31620
1$
#31640
0$
#31660
1$
#31680
0$
#31700
1$
#31720
0$
#31740
1$
#31760
0$
#31780
1$
#31800
0$
#31820
1$
#31840
0$
#31860
1$
#31880
0$
1%
#31900
b100110 "
b100110 .
1$
#31920
0$
0%
#31940
1$
#31960
0$
#31980
1$
#32000
0$
#32020
1$
#32040
0$
#32060
1$
#32080
0$
#32100
1$
#32120
0$
#32140
1$
#32160
0$
#32180
1$
#32200
0$
#32220
1$
#32240
0$
#32260
1$
#32280
0$
#32300
1$
#32320
0$
#32340
1$
#32360
0$
#32380
1$
#32400
0$
#32420
1$
#32440
0$
#32460
1$
#32480
0$
#32500
1$
#32520
0$
#32540
1$
#32560
0$
#32580
1$
#32600
0$
#32620
1$
#32640
0$
#32660
1$
#32680
0$
#32700
1$
#32720
0$
1%
#32740
b100111 "
b100111 .
1$
#32760
0$
0%
#32780
1$
#32800
0$
#32820
1$
#32840
0$
#32860
1$
#32880
0$
#32900
1$
#32920
0$
#32940
1$
#32960
0$
#32980
1$
#33000
0$
#33020
1$
#33040
0$
#33060
1$
#33080
0$
#33100
1$
#33120
0$
#33140
1$
#33160
0$
#33180
1$
#33200
0$
#33220
1$
#33240
0$
#33260
1$
#33280
0$
#33300
1$
#33320
0$
#33340
1$
#33360
0$
#33380
1$
#33400
0$
#33420
1$
#33440
0$
#33460
1$
#33480
0$
#33500
1$
#33520
0$
#33540
1$
#33560
0$
1%
#33580
b101000 "
b101000 .
1$
#33600
0$
0%
#33620
1$
#33640
0$
#33660
1$
#33680
0$
#33700
1$
#33720
0$
#33740
1$
#33760
0$
#33780
1$
#33800
0$
#33820
1$
#33840
0$
#33860
1$
#33880
0$
#33900
1$
#33920
0$
#33940
1$
#33960
0$
#33980
1$
#34000
0$
#34020
1$
#34040
0$
#34060
1$
#34080
0$
#34100
1$
#34120
0$
#34140
1$
#34160
0$
#34180
1$
#34200
0$
#34220
1$
#34240
0$
#34260
1$
#34280
0$
#34300
1$
#34320
0$
#34340
1$
#34360
0$
#34380
1$
#34400
0$
1%
#34420
b101001 "
b101001 .
1$
#34440
0$
0%
#34460
1$
#34480
0$
#34500
1$
#34520
0$
#34540
1$
#34560
0$
#34580
1$
#34600
0$
#34620
1$
#34640
0$
#34660
1$
#34680
0$
#34700
1$
#34720
0$
#34740
1$
#34760
0$
#34780
1$
#34800
0$
#34820
1$
#34840
0$
#34860
1$
#34880
0$
#34900
1$
#34920
0$
#34940
1$
#34960
0$
#34980
1$
#35000
0$
#35020
1$
#35040
0$
#35060
1$
#35080
0$
#35100
1$
#35120
0$
#35140
1$
#35160
0$
#35180
1$
#35200
0$
#35220
1$
#35240
0$
1%
#35260
b101010 "
b101010 .
1$
#35280
0$
0%
#35300
1$
#35320
0$
#35340
1$
#35360
0$
#35380
1$
#35400
0$
#35420
1$
#35440
0$
#35460
1$
#35480
0$
#35500
1$
#35520
0$
#35540
1$
#35560
0$
#35580
1$
#35600
0$
#35620
1$
#35640
0$
#35660
1$
#35680
0$
#35700
1$
#35720
0$
#35740
1$
#35760
0$
#35780
1$
#35800
0$
#35820
1$
#35840
0$
#35860
1$
#35880
0$
#35900
1$
#35920
0$
#35940
1$
#35960
0$
#35980
1$
#36000
0$
#36020
1$
#36040
0$
#36060
1$
#36080
0$
1%
#36100
b101011 "
b101011 .
1$
#36120
0$
0%
#36140
1$
#36160
0$
#36180
1$
#36200
0$
#36220
1$
#36240
0$
#36260
1$
#36280
0$
#36300
1$
#36320
0$
#36340
1$
#36360
0$
#36380
1$
#36400
0$
#36420
1$
#36440
0$
#36460
1$
#36480
0$
#36500
1$
#36520
0$
#36540
1$
#36560
0$
#36580
1$
#36600
0$
#36620
1$
#36640
0$
#36660
1$
#36680
0$
#36700
1$
#36720
0$
#36740
1$
#36760
0$
#36780
1$
#36800
0$
#36820
1$
#36840
0$
#36860
1$
#36880
0$
#36900
1$
#36920
0$
1%
#36940
b101100 "
b101100 .
1$
#36960
0$
0%
#36980
1$
#37000
0$
#37020
1$
#37040
0$
#37060
1$
#37080
0$
#37100
1$
#37120
0$
#37140
1$
#37160
0$
#37180
1$
#37200
0$
#37220
1$
#37240
0$
#37260
1$
#37280
0$
#37300
1$
#37320
0$
#37340
1$
#37360
0$
#37380
1$
#37400
0$
#37420
1$
#37440
0$
#37460
1$
#37480
0$
#37500
1$
#37520
0$
#37540
1$
#37560
0$
#37580
1$
#37600
0$
#37620
1$
#37640
0$
#37660
1$
#37680
0$
#37700
1$
#37720
0$
#37740
1$
#37760
0$
1%
#37780
b101101 "
b101101 .
1$
#37800
0$
0%
#37820
1$
#37840
0$
#37860
1$
#37880
0$
#37900
1$
#37920
0$
#37940
1$
#37960
0$
#37980
1$
#38000
0$
#38020
1$
#38040
0$
#38060
1$
#38080
0$
#38100
1$
#38120
0$
#38140
1$
#38160
0$
#38180
1$
#38200
0$
#38220
1$
#38240
0$
#38260
1$
#38280
0$
#38300
1$
#38320
0$
#38340
1$
#38360
0$
#38380
1$
#38400
0$
#38420
1$
#38440
0$
#38460
1$
#38480
0$
#38500
1$
#38520
0$
#38540
1$
#38560
0$
#38580
1$
#38600
0$
1%
#38620
b101110 "
b101110 .
1$
#38640
0$
0%
#38660
1$
#38680
0$
#38700
1$
#38720
0$
#38740
1$
#38760
0$
#38780
1$
#38800
0$
#38820
1$
#38840
0$
#38860
1$
#38880
0$
#38900
1$
#38920
0$
#38940
1$
#38960
0$
#38980
1$
#39000
0$
#39020
1$
#39040
0$
#39060
1$
#39080
0$
#39100
1$
#39120
0$
#39140
1$
#39160
0$
#39180
1$
#39200
0$
#39220
1$
#39240
0$
#39260
1$
#39280
0$
#39300
1$
#39320
0$
#39340
1$
#39360
0$
#39380
1$
#39400
0$
#39420
1$
#39440
0$
1%
#39460
b101111 "
b101111 .
1$
#39480
0$
0%
#39500
1$
#39520
0$
#39540
1$
#39560
0$
#39580
1$
#39600
0$
#39620
1$
#39640
0$
#39660
1$
#39680
0$
#39700
1$
#39720
0$
#39740
1$
#39760
0$
#39780
1$
#39800
0$
#39820
1$
#39840
0$
#39860
1$
#39880
0$
#39900
1$
#39920
0$
#39940
1$
#39960
0$
#39980
1$
#40000
0$
#40020
1$
#40040
0$
#40060
1$
#40080
0$
#40100
1$
#40120
0$
#40140
1$
#40160
0$
#40180
1$
#40200
0$
#40220
1$
#40240
0$
#40260
1$
#40280
0$
1%
#40300
b110000 "
b110000 .
1$
#40320
0$
0%
#40340
1$
#40360
0$
#40380
1$
#40400
0$
#40420
1$
#40440
0$
#40460
1$
#40480
0$
#40500
1$
#40520
0$
#40540
1$
#40560
0$
#40580
1$
#40600
0$
#40620
1$
#40640
0$
#40660
1$
#40680
0$
#40700
1$
#40720
0$
#40740
1$
#40760
0$
#40780
1$
#40800
0$
#40820
1$
#40840
0$
#40860
1$
#40880
0$
#40900
1$
#40920
0$
#40940
1$
#40960
0$
#40980
1$
#41000
0$
#41020
1$
#41040
0$
#41060
1$
#41080
0$
#41100
1$
#41120
0$
1%
#41140
b110001 "
b110001 .
1$
#41160
0$
0%
#41180
1$
#41200
0$
#41220
1$
#41240
0$
#41260
1$
#41280
0$
#41300
1$
#41320
0$
#41340
1$
#41360
0$
#41380
1$
#41400
0$
#41420
1$
#41440
0$
#41460
1$
#41480
0$
#41500
1$
#41520
0$
#41540
1$
#41560
0$
#41580
1$
#41600
0$
#41620
1$
#41640
0$
#41660
1$
#41680
0$
#41700
1$
#41720
0$
#41740
1$
#41760
0$
#41780
1$
#41800
0$
#41820
1$
#41840
0$
#41860
1$
#41880
0$
#41900
1$
#41920
0$
#41940
1$
#41960
0$
1%
#41980
b110010 "
b110010 .
1$
#42000
0$
0%
#42020
1$
#42040
0$
#42060
1$
#42080
0$
#42100
1$
#42120
0$
#42140
1$
#42160
0$
#42180
1$
#42200
0$
#42220
1$
#42240
0$
#42260
1$
#42280
0$
#42300
1$
#42320
0$
#42340
1$
#42360
0$
#42380
1$
#42400
0$
#42420
1$
#42440
0$
#42460
1$
#42480
0$
#42500
1$
#42520
0$
#42540
1$
#42560
0$
#42580
1$
#42600
0$
#42620
1$
#42640
0$
#42660
1$
#42680
0$
#42700
1$
#42720
0$
#42740
1$
#42760
0$
#42780
1$
#42800
0$
1%
#42820
b110011 "
b110011 .
1$
#42840
0$
0%
#42860
1$
#42880
0$
#42900
1$
#42920
0$
#42940
1$
#42960
0$
#42980
1$
#43000
0$
#43020
1$
#43040
0$
#43060
1$
#43080
0$
#43100
1$
#43120
0$
#43140
1$
#43160
0$
#43180
1$
#43200
0$
#43220
1$
#43240
0$
#43260
1$
#43280
0$
#43300
1$
#43320
0$
#43340
1$
#43360
0$
#43380
1$
#43400
0$
#43420
1$
#43440
0$
#43460
1$
#43480
0$
#43500
1$
#43520
0$
#43540
1$
#43560
0$
#43580
1$
#43600
0$
#43620
1$
#43640
0$
1%
#43660
b110100 "
b110100 .
1$
#43680
0$
0%
#43700
1$
#43720
0$
#43740
1$
#43760
0$
#43780
1$
#43800
0$
#43820
1$
#43840
0$
#43860
1$
#43880
0$
#43900
1$
#43920
0$
#43940
1$
#43960
0$
#43980
1$
#44000
0$
#44020
1$
#44040
0$
#44060
1$
#44080
0$
#44100
1$
#44120
0$
#44140
1$
#44160
0$
#44180
1$
#44200
0$
#44220
1$
#44240
0$
#44260
1$
#44280
0$
#44300
1$
#44320
0$
#44340
1$
#44360
0$
#44380
1$
#44400
0$
#44420
1$
#44440
0$
#44460
1$
#44480
0$
1%
#44500
b110101 "
b110101 .
1$
#44520
0$
0%
#44540
1$
#44560
0$
#44580
1$
#44600
0$
#44620
1$
#44640
0$
#44660
1$
#44680
0$
#44700
1$
#44720
0$
#44740
1$
#44760
0$
#44780
1$
#44800
0$
#44820
1$
#44840
0$
#44860
1$
#44880
0$
#44900
1$
#44920
0$
#44940
1$
#44960
0$
#44980
1$
#45000
0$
#45020
1$
#45040
0$
#45060
1$
#45080
0$
#45100
1$
#45120
0$
#45140
1$
#45160
0$
#45180
1$
#45200
0$
#45220
1$
#45240
0$
#45260
1$
#45280
0$
#45300
1$
#45320
0$
1%
#45340
b110110 "
b110110 .
1$
#45360
0$
0%
#45380
1$
#45400
0$
#45420
1$
#45440
0$
#45460
1$
#45480
0$
#45500
1$
#45520
0$
#45540
1$
#45560
0$
#45580
1$
#45600
0$
#45620
1$
#45640
0$
#45660
1$
#45680
0$
#45700
1$
#45720
0$
#45740
1$
#45760
0$
#45780
1$
#45800
0$
#45820
1$
#45840
0$
#45860
1$
#45880
0$
#45900
1$
#45920
0$
#45940
1$
#45960
0$
#45980
1$
#46000
0$
#46020
1$
#46040
0$
#46060
1$
#46080
0$
#46100
1$
#46120
0$
#46140
1$
#46160
0$
1%
#46180
b110111 "
b110111 .
1$
#46200
0$
0%
#46220
1$
#46240
0$
#46260
1$
#46280
0$
#46300
1$
#46320
0$
#46340
1$
#46360
0$
#46380
1$
#46400
0$
#46420
1$
#46440
0$
#46460
1$
#46480
0$
#46500
1$
#46520
0$
#46540
1$
#46560
0$
#46580
1$
#46600
0$
#46620
1$
#46640
0$
#46660
1$
#46680
0$
#46700
1$
#46720
0$
#46740
1$
#46760
0$
#46780
1$
#46800
0$
#46820
1$
#46840
0$
#46860
1$
#46880
0$
#46900
1$
#46920
0$
#46940
1$
#46960
0$
#46980
1$
#47000
0$
1%
#47020
b111000 "
b111000 .
1$
#47040
0$
0%
#47060
1$
#47080
0$
#47100
1$
#47120
0$
#47140
1$
#47160
0$
#47180
1$
#47200
0$
#47220
1$
#47240
0$
#47260
1$
#47280
0$
#47300
1$
#47320
0$
#47340
1$
#47360
0$
#47380
1$
#47400
0$
#47420
1$
#47440
0$
#47460
1$
#47480
0$
#47500
1$
#47520
0$
#47540
1$
#47560
0$
#47580
1$
#47600
0$
#47620
1$
#47640
0$
#47660
1$
#47680
0$
#47700
1$
#47720
0$
#47740
1$
#47760
0$
#47780
1$
#47800
0$
#47820
1$
#47840
0$
1%
#47860
b111001 "
b111001 .
1$
#47880
0$
0%
#47900
1$
#47920
0$
#47940
1$
#47960
0$
#47980
1$
#48000
0$
#48020
1$
#48040
0$
#48060
1$
#48080
0$
#48100
1$
#48120
0$
#48140
1$
#48160
0$
#48180
1$
#48200
0$
#48220
1$
#48240
0$
#48260
1$
#48280
0$
#48300
1$
#48320
0$
#48340
1$
#48360
0$
#48380
1$
#48400
0$
#48420
1$
#48440
0$
#48460
1$
#48480
0$
#48500
1$
#48520
0$
#48540
1$
#48560
0$
#48580
1$
#48600
0$
#48620
1$
#48640
0$
#48660
1$
#48680
0$
1%
#48700
b111010 "
b111010 .
1$
#48720
0$
0%
#48740
1$
#48760
0$
#48780
1$
#48800
0$
#48820
1$
#48840
0$
#48860
1$
#48880
0$
#48900
1$
#48920
0$
#48940
1$
#48960
0$
#48980
1$
#49000
0$
#49020
1$
#49040
0$
#49060
1$
#49080
0$
#49100
1$
#49120
0$
#49140
1$
#49160
0$
#49180
1$
#49200
0$
#49220
1$
#49240
0$
#49260
1$
#49280
0$
#49300
1$
#49320
0$
#49340
1$
#49360
0$
#49380
1$
#49400
0$
#49420
1$
#49440
0$
#49460
1$
#49480
0$
#49500
1$
#49520
0$
1%
#49540
b111011 "
b111011 .
1$
#49560
0$
0%
#49580
1$
#49600
0$
#49620
1$
#49640
0$
#49660
1$
#49680
0$
#49700
1$
#49720
0$
#49740
1$
#49760
0$
#49780
1$
#49800
0$
#49820
1$
#49840
0$
#49860
1$
#49880
0$
#49900
1$
#49920
0$
#49940
1$
#49960
0$
#49980
1$
#50000
0$
#50020
1$
#50040
0$
#50060
1$
#50080
0$
#50100
1$
#50120
0$
#50140
1$
#50160
0$
#50180
1$
#50200
0$
#50220
1$
#50240
0$
#50260
1$
#50280
0$
#50300
1$
#50320
0$
#50340
1$
#50360
0$
1%
#50380
b111100 "
b111100 .
1$
#50400
0$
0%
#50420
1$
#50440
0$
#50460
1$
#50480
0$
#50500
1$
#50520
0$
#50540
1$
#50560
0$
#50580
1$
#50600
0$
#50620
1$
#50640
0$
#50660
1$
#50680
0$
#50700
1$
#50720
0$
#50740
1$
#50760
0$
#50780
1$
#50800
0$
#50820
1$
#50840
0$
#50860
1$
#50880
0$
#50900
1$
#50920
0$
#50940
1$
#50960
0$
#50980
1$
#51000
0$
#51020
1$
#51040
0$
#51060
1$
#51080
0$
#51100
1$
#51120
0$
#51140
1$
#51160
0$
#51180
1$
#51200
0$
1%
#51220
b111101 "
b111101 .
1$
#51240
0$
0%
#51260
1$
#51280
0$
#51300
1$
#51320
0$
#51340
1$
#51360
0$
#51380
1$
#51400
0$
#51420
1$
#51440
0$
#51460
1$
#51480
0$
#51500
1$
#51520
0$
#51540
1$
#51560
0$
#51580
1$
#51600
0$
#51620
1$
#51640
0$
#51660
1$
#51680
0$
#51700
1$
#51720
0$
#51740
1$
#51760
0$
#51780
1$
#51800
0$
#51820
1$
#51840
0$
#51860
1$
#51880
0$
#51900
1$
#51920
0$
#51940
1$
#51960
0$
#51980
1$
#52000
0$
#52020
1$
#52040
0$
1%
#52060
b111110 "
b111110 .
1$
#52080
0$
0%
#52100
1$
#52120
0$
#52140
1$
#52160
0$
#52180
1$
#52200
0$
#52220
1$
#52240
0$
#52260
1$
#52280
0$
#52300
1$
#52320
0$
#52340
1$
#52360
0$
#52380
1$
#52400
0$
#52420
1$
#52440
0$
#52460
1$
#52480
0$
#52500
1$
#52520
0$
#52540
1$
#52560
0$
#52580
1$
#52600
0$
#52620
1$
#52640
0$
#52660
1$
#52680
0$
#52700
1$
#52720
0$
#52740
1$
#52760
0$
#52780
1$
#52800
0$
#52820
1$
#52840
0$
#52860
1$
#52880
0$
1%
#52900
b111111 "
b111111 .
1$
#52920
0$
0%
#52940
1$
#52960
0$
#52980
1$
#53000
0$
#53020
1$
#53040
0$
#53060
1$
#53080
0$
#53100
1$
#53120
0$
#53140
1$
#53160
0$
#53180
1$
#53200
0$
#53220
1$
#53240
0$
#53260
1$
#53280
0$
#53300
1$
#53320
0$
#53340
1$
#53360
0$
#53380
1$
#53400
0$
#53420
1$
#53440
0$
#53460
1$
#53480
0$
#53500
1$
#53520
0$
#53540
1$
#53560
0$
#53580
1$
#53600
0$
#53620
1$
#53640
0$
#53660
1$
#53680
0$
#53700
1$
#53720
0$
1%
#53740
b1000000 "
b1000000 .
1$
#53760
0$
0%
#53780
1$
#53800
0$
#53820
1$
#53840
0$
#53860
1$
#53880
0$
#53900
1$
#53920
0$
#53940
1$
#53960
0$
#53980
1$
#54000
0$
#54020
1$
#54040
0$
#54060
1$
#54080
0$
#54100
1$
#54120
0$
#54140
1$
#54160
0$
#54180
1$
#54200
0$
#54220
1$
#54240
0$
#54260
1$
#54280
0$
#54300
1$
#54320
0$
#54340
1$
#54360
0$
#54380
1$
#54400
0$
#54420
1$
#54440
0$
#54460
1$
#54480
0$
#54500
1$
#54520
0$
#54540
1$
#54560
0$
1%
#54580
b1000001 "
b1000001 .
1$
#54600
0$
0%
#54620
1$
#54640
0$
#54660
1$
#54680
0$
#54700
1$
#54720
0$
#54740
1$
#54760
0$
#54780
1$
#54800
0$
#54820
1$
#54840
0$
#54860
1$
#54880
0$
#54900
1$
#54920
0$
#54940
1$
#54960
0$
#54980
1$
#55000
0$
#55020
1$
#55040
0$
#55060
1$
#55080
0$
#55100
1$
#55120
0$
#55140
1$
#55160
0$
#55180
1$
#55200
0$
#55220
1$
#55240
0$
#55260
1$
#55280
0$
#55300
1$
#55320
0$
#55340
1$
#55360
0$
#55380
1$
#55400
0$
1%
#55420
b1000010 "
b1000010 .
1$
#55440
0$
0%
#55460
1$
#55480
0$
#55500
1$
#55520
0$
#55540
1$
#55560
0$
#55580
1$
#55600
0$
#55620
1$
#55640
0$
#55660
1$
#55680
0$
#55700
1$
#55720
0$
#55740
1$
#55760
0$
#55780
1$
#55800
0$
#55820
1$
#55840
0$
#55860
1$
#55880
0$
#55900
1$
#55920
0$
#55940
1$
#55960
0$
#55980
1$
#56000
0$
#56020
1$
#56040
0$
#56060
1$
#56080
0$
#56100
1$
#56120
0$
#56140
1$
#56160
0$
#56180
1$
#56200
0$
#56220
1$
#56240
0$
1%
#56260
b1000011 "
b1000011 .
1$
#56280
0$
0%
#56300
1$
#56320
0$
#56340
1$
#56360
0$
#56380
1$
#56400
0$
#56420
1$
#56440
0$
#56460
1$
#56480
0$
#56500
1$
#56520
0$
#56540
1$
#56560
0$
#56580
1$
#56600
0$
#56620
1$
#56640
0$
#56660
1$
#56680
0$
#56700
1$
#56720
0$
#56740
1$
#56760
0$
#56780
1$
#56800
0$
#56820
1$
#56840
0$
#56860
1$
#56880
0$
#56900
1$
#56920
0$
#56940
1$
#56960
0$
#56980
1$
#57000
0$
#57020
1$
#57040
0$
#57060
1$
#57080
0$
1%
#57100
b1000100 "
b1000100 .
1$
#57120
0$
0%
#57140
1$
#57160
0$
#57180
1$
#57200
0$
#57220
1$
#57240
0$
#57260
1$
#57280
0$
#57300
1$
#57320
0$
#57340
1$
#57360
0$
#57380
1$
#57400
0$
#57420
1$
#57440
0$
#57460
1$
#57480
0$
#57500
1$
#57520
0$
#57540
1$
#57560
0$
#57580
1$
#57600
0$
#57620
1$
#57640
0$
#57660
1$
#57680
0$
#57700
1$
#57720
0$
#57740
1$
#57760
0$
#57780
1$
#57800
0$
#57820
1$
#57840
0$
#57860
1$
#57880
0$
#57900
1$
#57920
0$
1%
#57940
b1000101 "
b1000101 .
1$
#57960
0$
0%
#57980
1$
#58000
0$
#58020
1$
#58040
0$
#58060
1$
#58080
0$
#58100
1$
#58120
0$
#58140
1$
#58160
0$
#58180
1$
#58200
0$
#58220
1$
#58240
0$
#58260
1$
#58280
0$
#58300
1$
#58320
0$
#58340
1$
#58360
0$
#58380
1$
#58400
0$
#58420
1$
#58440
0$
#58460
1$
#58480
0$
#58500
1$
#58520
0$
#58540
1$
#58560
0$
#58580
1$
#58600
0$
#58620
1$
#58640
0$
#58660
1$
#58680
0$
#58700
1$
#58720
0$
#58740
1$
#58760
0$
1%
#58780
b1000110 "
b1000110 .
1$
#58800
0$
0%
#58820
1$
#58840
0$
#58860
1$
#58880
0$
#58900
1$
#58920
0$
#58940
1$
#58960
0$
#58980
1$
#59000
0$
#59020
1$
#59040
0$
#59060
1$
#59080
0$
#59100
1$
#59120
0$
#59140
1$
#59160
0$
#59180
1$
#59200
0$
#59220
1$
#59240
0$
#59260
1$
#59280
0$
#59300
1$
#59320
0$
#59340
1$
#59360
0$
#59380
1$
#59400
0$
#59420
1$
#59440
0$
#59460
1$
#59480
0$
#59500
1$
#59520
0$
#59540
1$
#59560
0$
#59580
1$
#59600
0$
1%
#59620
b1000111 "
b1000111 .
1$
#59640
0$
0%
#59660
1$
#59680
0$
#59700
1$
#59720
0$
#59740
1$
#59760
0$
#59780
1$
#59800
0$
#59820
1$
#59840
0$
#59860
1$
#59880
0$
#59900
1$
#59920
0$
#59940
1$
#59960
0$
#59980
1$
#60000
0$
#60020
1$
#60040
0$
#60060
1$
#60080
0$
#60100
1$
#60120
0$
#60140
1$
#60160
0$
#60180
1$
#60200
0$
#60220
1$
#60240
0$
#60260
1$
#60280
0$
#60300
1$
#60320
0$
#60340
1$
#60360
0$
#60380
1$
#60400
0$
#60420
1$
#60440
0$
1%
#60460
b1001000 "
b1001000 .
1$
#60480
0$
0%
#60500
1$
#60520
0$
#60540
1$
#60560
0$
#60580
1$
#60600
0$
#60620
1$
#60640
0$
#60660
1$
#60680
0$
#60700
1$
#60720
0$
#60740
1$
#60760
0$
#60780
1$
#60800
0$
#60820
1$
#60840
0$
#60860
1$
#60880
0$
#60900
1$
#60920
0$
#60940
1$
#60960
0$
#60980
1$
#61000
0$
#61020
1$
#61040
0$
#61060
1$
#61080
0$
#61100
1$
#61120
0$
#61140
1$
#61160
0$
#61180
1$
#61200
0$
#61220
1$
#61240
0$
#61260
1$
#61280
0$
1%
#61300
b1001001 "
b1001001 .
1$
#61320
0$
0%
#61340
1$
#61360
0$
#61380
1$
#61400
0$
#61420
1$
#61440
0$
#61460
1$
#61480
0$
#61500
1$
#61520
0$
#61540
1$
#61560
0$
#61580
1$
#61600
0$
#61620
1$
#61640
0$
#61660
1$
#61680
0$
#61700
1$
#61720
0$
#61740
1$
#61760
0$
#61780
1$
#61800
0$
#61820
1$
#61840
0$
#61860
1$
#61880
0$
#61900
1$
#61920
0$
#61940
1$
#61960
0$
#61980
1$
#62000
0$
#62020
1$
#62040
0$
#62060
1$
#62080
0$
#62100
1$
#62120
0$
1%
#62140
b1001010 "
b1001010 .
1$
#62160
0$
0%
#62180
1$
#62200
0$
#62220
1$
#62240
0$
#62260
1$
#62280
0$
#62300
1$
#62320
0$
#62340
1$
#62360
0$
#62380
1$
#62400
0$
#62420
1$
#62440
0$
#62460
1$
#62480
0$
#62500
1$
#62520
0$
#62540
1$
#62560
0$
#62580
1$
#62600
0$
#62620
1$
#62640
0$
#62660
1$
#62680
0$
#62700
1$
#62720
0$
#62740
1$
#62760
0$
#62780
1$
#62800
0$
#62820
1$
#62840
0$
#62860
1$
#62880
0$
#62900
1$
#62920
0$
#62940
1$
#62960
0$
1%
#62980
b1001011 "
b1001011 .
1$
#63000
0$
0%
#63020
1$
#63040
0$
#63060
1$
#63080
0$
#63100
1$
#63120
0$
#63140
1$
#63160
0$
#63180
1$
#63200
0$
#63220
1$
#63240
0$
#63260
1$
#63280
0$
#63300
1$
#63320
0$
#63340
1$
#63360
0$
#63380
1$
#63400
0$
#63420
1$
#63440
0$
#63460
1$
#63480
0$
#63500
1$
#63520
0$
#63540
1$
#63560
0$
#63580
1$
#63600
0$
#63620
1$
#63640
0$
#63660
1$
#63680
0$
#63700
1$
#63720
0$
#63740
1$
#63760
0$
#63780
1$
#63800
0$
1%
#63820
b1001100 "
b1001100 .
1$
#63840
0$
0%
#63860
1$
#63880
0$
#63900
1$
#63920
0$
#63940
1$
#63960
0$
#63980
1$
#64000
0$
#64020
1$
#64040
0$
#64060
1$
#64080
0$
#64100
1$
#64120
0$
#64140
1$
#64160
0$
#64180
1$
#64200
0$
#64220
1$
#64240
0$
#64260
1$
#64280
0$
#64300
1$
#64320
0$
#64340
1$
#64360
0$
#64380
1$
#64400
0$
#64420
1$
#64440
0$
#64460
1$
#64480
0$
#64500
1$
#64520
0$
#64540
1$
#64560
0$
#64580
1$
#64600
0$
#64620
1$
#64640
0$
1%
#64660
b1001101 "
b1001101 .
1$
#64680
0$
0%
#64700
1$
#64720
0$
#64740
1$
#64760
0$
#64780
1$
#64800
0$
#64820
1$
#64840
0$
#64860
1$
#64880
0$
#64900
1$
#64920
0$
#64940
1$
#64960
0$
#64980
1$
#65000
0$
#65020
1$
#65040
0$
#65060
1$
#65080
0$
#65100
1$
#65120
0$
#65140
1$
#65160
0$
#65180
1$
#65200
0$
#65220
1$
#65240
0$
#65260
1$
#65280
0$
#65300
1$
#65320
0$
#65340
1$
#65360
0$
#65380
1$
#65400
0$
#65420
1$
#65440
0$
#65460
1$
#65480
0$
1%
#65500
b1001110 "
b1001110 .
1$
#65520
0$
0%
#65540
1$
#65560
0$
#65580
1$
#65600
0$
#65620
1$
#65640
0$
#65660
1$
#65680
0$
#65700
1$
#65720
0$
#65740
1$
#65760
0$
#65780
1$
#65800
0$
#65820
1$
#65840
0$
#65860
1$
#65880
0$
#65900
1$
#65920
0$
#65940
1$
#65960
0$
#65980
1$
#66000
0$
#66020
1$
#66040
0$
#66060
1$
#66080
0$
#66100
1$
#66120
0$
#66140
1$
#66160
0$
#66180
1$
#66200
0$
#66220
1$
#66240
0$
#66260
1$
#66280
0$
#66300
1$
#66320
0$
1%
#66340
b1001111 "
b1001111 .
1$
#66360
0$
0%
#66380
1$
#66400
0$
#66420
1$
#66440
0$
#66460
1$
#66480
0$
#66500
1$
#66520
0$
#66540
1$
#66560
0$
#66580
1$
#66600
0$
#66620
1$
#66640
0$
#66660
1$
#66680
0$
#66700
1$
#66720
0$
#66740
1$
#66760
0$
#66780
1$
#66800
0$
#66820
1$
#66840
0$
#66860
1$
#66880
0$
#66900
1$
#66920
0$
#66940
1$
#66960
0$
#66980
1$
#67000
0$
#67020
1$
#67040
0$
#67060
1$
#67080
0$
#67100
1$
#67120
0$
#67140
1$
#67160
0$
1%
#67180
b1010000 "
b1010000 .
1$
#67200
0$
0%
#67220
1$
#67240
0$
#67260
1$
#67280
0$
#67300
1$
#67320
0$
#67340
1$
#67360
0$
#67380
1$
#67400
0$
#67420
1$
#67440
0$
#67460
1$
#67480
0$
#67500
1$
#67520
0$
#67540
1$
#67560
0$
#67580
1$
#67600
0$
#67620
1$
#67640
0$
#67660
1$
#67680
0$
#67700
1$
#67720
0$
#67740
1$
#67760
0$
#67780
1$
#67800
0$
#67820
1$
#67840
0$
#67860
1$
#67880
0$
#67900
1$
#67920
0$
#67940
1$
#67960
0$
#67980
1$
#68000
0$
1%
#68020
b1010001 "
b1010001 .
1$
#68040
0$
0%
#68060
1$
#68080
0$
#68100
1$
#68120
0$
#68140
1$
#68160
0$
#68180
1$
#68200
0$
#68220
1$
#68240
0$
#68260
1$
#68280
0$
#68300
1$
#68320
0$
#68340
1$
#68360
0$
#68380
1$
#68400
0$
#68420
1$
#68440
0$
#68460
1$
#68480
0$
#68500
1$
#68520
0$
#68540
1$
#68560
0$
#68580
1$
#68600
0$
#68620
1$
#68640
0$
#68660
1$
#68680
0$
#68700
1$
#68720
0$
#68740
1$
#68760
0$
#68780
1$
#68800
0$
#68820
1$
#68840
0$
1%
#68860
b1010010 "
b1010010 .
1$
#68880
0$
0%
#68900
1$
#68920
0$
#68940
1$
#68960
0$
#68980
1$
#69000
0$
#69020
1$
#69040
0$
#69060
1$
#69080
0$
#69100
1$
#69120
0$
#69140
1$
#69160
0$
#69180
1$
#69200
0$
#69220
1$
#69240
0$
#69260
1$
#69280
0$
#69300
1$
#69320
0$
#69340
1$
#69360
0$
#69380
1$
#69400
0$
#69420
1$
#69440
0$
#69460
1$
#69480
0$
#69500
1$
#69520
0$
#69540
1$
#69560
0$
#69580
1$
#69600
0$
#69620
1$
#69640
0$
#69660
1$
#69680
0$
1%
#69700
b1010011 "
b1010011 .
1$
#69720
0$
0%
#69740
1$
#69760
0$
#69780
1$
#69800
0$
#69820
1$
#69840
0$
#69860
1$
#69880
0$
#69900
1$
#69920
0$
#69940
1$
#69960
0$
#69980
1$
#70000
0$
#70020
1$
#70040
0$
#70060
1$
#70080
0$
#70100
1$
#70120
0$
#70140
1$
#70160
0$
#70180
1$
#70200
0$
#70220
1$
#70240
0$
#70260
1$
#70280
0$
#70300
1$
#70320
0$
#70340
1$
#70360
0$
#70380
1$
#70400
0$
#70420
1$
#70440
0$
#70460
1$
#70480
0$
#70500
1$
#70520
0$
1%
#70540
b1010100 "
b1010100 .
1$
#70560
0$
0%
#70580
1$
#70600
0$
#70620
1$
#70640
0$
#70660
1$
#70680
0$
#70700
1$
#70720
0$
#70740
1$
#70760
0$
#70780
1$
#70800
0$
#70820
1$
#70840
0$
#70860
1$
#70880
0$
#70900
1$
#70920
0$
#70940
1$
#70960
0$
#70980
1$
#71000
0$
#71020
1$
#71040
0$
#71060
1$
#71080
0$
#71100
1$
#71120
0$
#71140
1$
#71160
0$
#71180
1$
#71200
0$
#71220
1$
#71240
0$
#71260
1$
#71280
0$
#71300
1$
#71320
0$
#71340
1$
#71360
0$
1%
#71380
b1010101 "
b1010101 .
1$
#71400
0$
0%
#71420
1$
#71440
0$
#71460
1$
#71480
0$
#71500
1$
#71520
0$
#71540
1$
#71560
0$
#71580
1$
#71600
0$
#71620
1$
#71640
0$
#71660
1$
#71680
0$
#71700
1$
#71720
0$
#71740
1$
#71760
0$
#71780
1$
#71800
0$
#71820
1$
#71840
0$
#71860
1$
#71880
0$
#71900
1$
#71920
0$
#71940
1$
#71960
0$
#71980
1$
#72000
0$
#72020
1$
#72040
0$
#72060
1$
#72080
0$
#72100
1$
#72120
0$
#72140
1$
#72160
0$
#72180
1$
#72200
0$
1%
#72220
b1010110 "
b1010110 .
1$
#72240
0$
0%
#72260
1$
#72280
0$
#72300
1$
#72320
0$
#72340
1$
#72360
0$
#72380
1$
#72400
0$
#72420
1$
#72440
0$
#72460
1$
#72480
0$
#72500
1$
#72520
0$
#72540
1$
#72560
0$
#72580
1$
#72600
0$
#72620
1$
#72640
0$
#72660
1$
#72680
0$
#72700
1$
#72720
0$
#72740
1$
#72760
0$
#72780
1$
#72800
0$
#72820
1$
#72840
0$
#72860
1$
#72880
0$
#72900
1$
#72920
0$
#72940
1$
#72960
0$
#72980
1$
#73000
0$
#73020
1$
#73040
0$
1%
#73060
b1010111 "
b1010111 .
1$
#73080
0$
0%
#73100
1$
#73120
0$
#73140
1$
#73160
0$
#73180
1$
#73200
0$
#73220
1$
#73240
0$
#73260
1$
#73280
0$
#73300
1$
#73320
0$
#73340
1$
#73360
0$
#73380
1$
#73400
0$
#73420
1$
#73440
0$
#73460
1$
#73480
0$
#73500
1$
#73520
0$
#73540
1$
#73560
0$
#73580
1$
#73600
0$
#73620
1$
#73640
0$
#73660
1$
#73680
0$
#73700
1$
#73720
0$
#73740
1$
#73760
0$
#73780
1$
#73800
0$
#73820
1$
#73840
0$
#73860
1$
#73880
0$
1%
#73900
b1011000 "
b1011000 .
1$
#73920
0$
0%
#73940
1$
#73960
0$
#73980
1$
#74000
0$
#74020
1$
#74040
0$
#74060
1$
#74080
0$
#74100
1$
#74120
0$
#74140
1$
#74160
0$
#74180
1$
#74200
0$
#74220
1$
#74240
0$
#74260
1$
#74280
0$
#74300
1$
#74320
0$
#74340
1$
#74360
0$
#74380
1$
#74400
0$
#74420
1$
#74440
0$
#74460
1$
#74480
0$
#74500
1$
#74520
0$
#74540
1$
#74560
0$
#74580
1$
#74600
0$
#74620
1$
#74640
0$
#74660
1$
#74680
0$
#74700
1$
#74720
0$
1%
#74740
b1011001 "
b1011001 .
1$
#74760
0$
0%
#74780
1$
#74800
0$
#74820
1$
#74840
0$
#74860
1$
#74880
0$
#74900
1$
#74920
0$
#74940
1$
#74960
0$
#74980
1$
#75000
0$
#75020
1$
#75040
0$
#75060
1$
#75080
0$
#75100
1$
#75120
0$
#75140
1$
#75160
0$
#75180
1$
#75200
0$
#75220
1$
#75240
0$
#75260
1$
#75280
0$
#75300
1$
#75320
0$
#75340
1$
#75360
0$
#75380
1$
#75400
0$
#75420
1$
#75440
0$
#75460
1$
#75480
0$
#75500
1$
#75520
0$
#75540
1$
#75560
0$
1%
#75580
b1011010 "
b1011010 .
1$
#75600
0$
0%
#75620
1$
#75640
0$
#75660
1$
#75680
0$
#75700
1$
#75720
0$
#75740
1$
#75760
0$
#75780
1$
#75800
0$
#75820
1$
#75840
0$
#75860
1$
#75880
0$
#75900
1$
#75920
0$
#75940
1$
#75960
0$
#75980
1$
#76000
0$
#76020
1$
#76040
0$
#76060
1$
#76080
0$
#76100
1$
#76120
0$
#76140
1$
#76160
0$
#76180
1$
#76200
0$
#76220
1$
#76240
0$
#76260
1$
#76280
0$
#76300
1$
#76320
0$
#76340
1$
#76360
0$
#76380
1$
#76400
0$
1%
#76420
b1011011 "
b1011011 .
1$
#76440
0$
0%
#76460
1$
#76480
0$
#76500
1$
#76520
0$
#76540
1$
#76560
0$
#76580
1$
#76600
0$
#76620
1$
#76640
0$
#76660
1$
#76680
0$
#76700
1$
#76720
0$
#76740
1$
#76760
0$
#76780
1$
#76800
0$
#76820
1$
#76840
0$
#76860
1$
#76880
0$
#76900
1$
#76920
0$
#76940
1$
#76960
0$
#76980
1$
#77000
0$
#77020
1$
#77040
0$
#77060
1$
#77080
0$
#77100
1$
#77120
0$
#77140
1$
#77160
0$
#77180
1$
#77200
0$
#77220
1$
#77240
0$
1%
#77260
b1011100 "
b1011100 .
1$
#77280
0$
0%
#77300
1$
#77320
0$
#77340
1$
#77360
0$
#77380
1$
#77400
0$
#77420
1$
#77440
0$
#77460
1$
#77480
0$
#77500
1$
#77520
0$
#77540
1$
#77560
0$
#77580
1$
#77600
0$
#77620
1$
#77640
0$
#77660
1$
#77680
0$
#77700
1$
#77720
0$
#77740
1$
#77760
0$
#77780
1$
#77800
0$
#77820
1$
#77840
0$
#77860
1$
#77880
0$
#77900
1$
#77920
0$
#77940
1$
#77960
0$
#77980
1$
#78000
0$
#78020
1$
#78040
0$
#78060
1$
#78080
0$
1%
#78100
b1011101 "
b1011101 .
1$
#78120
0$
0%
#78140
1$
#78160
0$
#78180
1$
#78200
0$
#78220
1$
#78240
0$
#78260
1$
#78280
0$
#78300
1$
#78320
0$
#78340
1$
#78360
0$
#78380
1$
#78400
0$
#78420
1$
#78440
0$
#78460
1$
#78480
0$
#78500
1$
#78520
0$
#78540
1$
#78560
0$
#78580
1$
#78600
0$
#78620
1$
#78640
0$
#78660
1$
#78680
0$
#78700
1$
#78720
0$
#78740
1$
#78760
0$
#78780
1$
#78800
0$
#78820
1$
#78840
0$
#78860
1$
#78880
0$
#78900
1$
#78920
0$
1%
#78940
b1011110 "
b1011110 .
1$
#78960
0$
0%
#78980
1$
#79000
0$
#79020
1$
#79040
0$
#79060
1$
#79080
0$
#79100
1$
#79120
0$
#79140
1$
#79160
0$
#79180
1$
#79200
0$
#79220
1$
#79240
0$
#79260
1$
#79280
0$
#79300
1$
#79320
0$
#79340
1$
#79360
0$
#79380
1$
#79400
0$
#79420
1$
#79440
0$
#79460
1$
#79480
0$
#79500
1$
#79520
0$
#79540
1$
#79560
0$
#79580
1$
#79600
0$
#79620
1$
#79640
0$
#79660
1$
#79680
0$
#79700
1$
#79720
0$
#79740
1$
#79760
0$
1%
#79780
b1011111 "
b1011111 .
1$
#79800
0$
0%
#79820
1$
#79840
0$
#79860
1$
#79880
0$
#79900
1$
#79920
0$
#79940
1$
#79960
0$
#79980
1$
#80000
0$
#80020
1$
#80040
0$
#80060
1$
#80080
0$
#80100
1$
#80120
0$
#80140
1$
#80160
0$
#80180
1$
#80200
0$
#80220
1$
#80240
0$
#80260
1$
#80280
0$
#80300
1$
#80320
0$
#80340
1$
#80360
0$
#80380
1$
#80400
0$
#80420
1$
#80440
0$
#80460
1$
#80480
0$
#80500
1$
#80520
0$
#80540
1$
#80560
0$
#80580
1$
#80600
0$
1%
#80620
b1100000 "
b1100000 .
1$
#80640
0$
0%
#80660
1$
#80680
0$
#80700
1$
#80720
0$
#80740
1$
#80760
0$
#80780
1$
#80800
0$
#80820
1$
#80840
0$
#80860
1$
#80880
0$
#80900
1$
#80920
0$
#80940
1$
#80960
0$
#80980
1$
#81000
0$
#81020
1$
#81040
0$
#81060
1$
#81080
0$
#81100
1$
#81120
0$
#81140
1$
#81160
0$
#81180
1$
#81200
0$
#81220
1$
#81240
0$
#81260
1$
#81280
0$
#81300
1$
#81320
0$
#81340
1$
#81360
0$
#81380
1$
#81400
0$
#81420
1$
#81440
0$
1%
#81460
b1100001 "
b1100001 .
1$
#81480
0$
0%
#81500
1$
#81520
0$
#81540
1$
#81560
0$
#81580
1$
#81600
0$
#81620
1$
#81640
0$
#81660
1$
#81680
0$
#81700
1$
#81720
0$
#81740
1$
#81760
0$
#81780
1$
#81800
0$
#81820
1$
#81840
0$
#81860
1$
#81880
0$
#81900
1$
#81920
0$
#81940
1$
#81960
0$
#81980
1$
#82000
0$
#82020
1$
#82040
0$
#82060
1$
#82080
0$
#82100
1$
#82120
0$
#82140
1$
#82160
0$
#82180
1$
#82200
0$
#82220
1$
#82240
0$
#82260
1$
#82280
0$
1%
#82300
b1100010 "
b1100010 .
1$
#82320
0$
0%
#82340
1$
#82360
0$
#82380
1$
#82400
0$
#82420
1$
#82440
0$
#82460
1$
#82480
0$
#82500
1$
#82520
0$
#82540
1$
#82560
0$
#82580
1$
#82600
0$
#82620
1$
#82640
0$
#82660
1$
#82680
0$
#82700
1$
#82720
0$
#82740
1$
#82760
0$
#82780
1$
#82800
0$
#82820
1$
#82840
0$
#82860
1$
#82880
0$
#82900
1$
#82920
0$
#82940
1$
#82960
0$
#82980
1$
#83000
0$
#83020
1$
#83040
0$
#83060
1$
#83080
0$
#83100
1$
#83120
0$
1%
#83140
b1100011 "
b1100011 .
1$
#83160
0$
0%
#83180
1$
#83200
0$
#83220
1$
#83240
0$
#83260
1$
#83280
0$
#83300
1$
#83320
0$
#83340
1$
#83360
0$
#83380
1$
#83400
0$
#83420
1$
#83440
0$
#83460
1$
#83480
0$
#83500
1$
#83520
0$
#83540
1$
#83560
0$
#83580
1$
#83600
0$
#83620
1$
#83640
0$
#83660
1$
#83680
0$
#83700
1$
#83720
0$
#83740
1$
#83760
0$
#83780
1$
#83800
0$
#83820
1$
#83840
0$
#83860
1$
#83880
0$
#83900
1$
#83920
0$
#83940
1$
#83960
0$
1%
#83980
b1100100 "
b1100100 .
1$
#84000
0$
0%
#84020
1$
#84040
0$
#84060
1$
#84080
0$
#84100
1$
#84120
0$
#84140
1$
#84160
0$
#84180
1$
#84200
0$
#84220
1$
#84240
0$
#84260
1$
#84280
0$
#84300
1$
#84320
0$
#84340
1$
#84360
0$
#84380
1$
#84400
0$
#84420
1$
#84440
0$
#84460
1$
#84480
0$
#84500
1$
#84520
0$
#84540
1$
#84560
0$
#84580
1$
#84600
0$
#84620
1$
#84640
0$
#84660
1$
#84680
0$
#84700
1$
#84720
0$
#84740
1$
#84760
0$
#84780
1$
#84800
0$
1%
#84820
b1100101 "
b1100101 .
1$
#84840
0$
0%
#84860
1$
#84880
0$
#84900
1$
#84920
0$
#84940
1$
#84960
0$
#84980
1$
#85000
0$
#85020
1$
#85040
0$
#85060
1$
#85080
0$
#85100
1$
#85120
0$
#85140
1$
#85160
0$
#85180
1$
#85200
0$
#85220
1$
#85240
0$
#85260
1$
#85280
0$
#85300
1$
#85320
0$
#85340
1$
#85360
0$
#85380
1$
#85400
0$
#85420
1$
#85440
0$
#85460
1$
#85480
0$
#85500
1$
#85520
0$
#85540
1$
#85560
0$
#85580
1$
#85600
0$
#85620
1$
#85640
0$
1%
#85660
b1100110 "
b1100110 .
1$
#85680
0$
0%
#85700
1$
#85720
0$
#85740
1$
#85760
0$
#85780
1$
#85800
0$
#85820
1$
#85840
0$
#85860
1$
#85880
0$
#85900
1$
#85920
0$
#85940
1$
#85960
0$
#85980
1$
#86000
0$
#86020
1$
#86040
0$
#86060
1$
#86080
0$
#86100
1$
#86120
0$
#86140
1$
#86160
0$
#86180
1$
#86200
0$
#86220
1$
#86240
0$
#86260
1$
#86280
0$
#86300
1$
#86320
0$
#86340
1$
#86360
0$
#86380
1$
#86400
0$
#86420
1$
#86440
0$
#86460
1$
#86480
0$
1%
#86500
b1100111 "
b1100111 .
1$
#86520
0$
0%
#86540
1$
#86560
0$
#86580
1$
#86600
0$
#86620
1$
#86640
0$
#86660
1$
#86680
0$
#86700
1$
#86720
0$
#86740
1$
#86760
0$
#86780
1$
#86800
0$
#86820
1$
#86840
0$
#86860
1$
#86880
0$
#86900
1$
#86920
0$
#86940
1$
#86960
0$
#86980
1$
#87000
0$
#87020
1$
#87040
0$
#87060
1$
#87080
0$
#87100
1$
#87120
0$
#87140
1$
#87160
0$
#87180
1$
#87200
0$
#87220
1$
#87240
0$
#87260
1$
#87280
0$
#87300
1$
#87320
0$
1%
#87340
b1101000 "
b1101000 .
1$
#87360
0$
0%
#87380
1$
#87400
0$
#87420
1$
#87440
0$
#87460
1$
#87480
0$
#87500
1$
#87520
0$
#87540
1$
#87560
0$
#87580
1$
#87600
0$
#87620
1$
#87640
0$
#87660
1$
#87680
0$
#87700
1$
#87720
0$
#87740
1$
#87760
0$
#87780
1$
#87800
0$
#87820
1$
#87840
0$
#87860
1$
#87880
0$
#87900
1$
#87920
0$
#87940
1$
#87960
0$
#87980
1$
#88000
0$
#88020
1$
#88040
0$
#88060
1$
#88080
0$
#88100
1$
#88120
0$
#88140
1$
#88160
0$
1%
#88180
b1101001 "
b1101001 .
1$
#88200
0$
0%
#88220
1$
#88240
0$
#88260
1$
#88280
0$
#88300
1$
#88320
0$
#88340
1$
#88360
0$
#88380
1$
#88400
0$
#88420
1$
#88440
0$
#88460
1$
#88480
0$
#88500
1$
#88520
0$
#88540
1$
#88560
0$
#88580
1$
#88600
0$
#88620
1$
#88640
0$
#88660
1$
#88680
0$
#88700
1$
#88720
0$
#88740
1$
#88760
0$
#88780
1$
#88800
0$
#88820
1$
#88840
0$
#88860
1$
#88880
0$
#88900
1$
#88920
0$
#88940
1$
#88960
0$
#88980
1$
#89000
0$
1%
#89020
b1101010 "
b1101010 .
1$
#89040
0$
0%
#89060
1$
#89080
0$
#89100
1$
#89120
0$
#89140
1$
#89160
0$
#89180
1$
#89200
0$
#89220
1$
#89240
0$
#89260
1$
#89280
0$
#89300
1$
#89320
0$
#89340
1$
#89360
0$
#89380
1$
#89400
0$
#89420
1$
#89440
0$
#89460
1$
#89480
0$
#89500
1$
#89520
0$
#89540
1$
#89560
0$
#89580
1$
#89600
0$
#89620
1$
#89640
0$
#89660
1$
#89680
0$
#89700
1$
#89720
0$
#89740
1$
#89760
0$
#89780
1$
#89800
0$
#89820
1$
#89840
0$
1%
#89860
b1101011 "
b1101011 .
1$
#89880
0$
0%
#89900
1$
#89920
0$
#89940
1$
#89960
0$
#89980
1$
#90000
0$
#90020
1$
#90040
0$
#90060
1$
#90080
0$
#90100
1$
#90120
0$
#90140
1$
#90160
0$
#90180
1$
#90200
0$
#90220
1$
#90240
0$
#90260
1$
#90280
0$
#90300
1$
#90320
0$
#90340
1$
#90360
0$
#90380
1$
#90400
0$
#90420
1$
#90440
0$
#90460
1$
#90480
0$
#90500
1$
#90520
0$
#90540
1$
#90560
0$
#90580
1$
#90600
0$
#90620
1$
#90640
0$
#90660
1$
#90680
0$
1%
#90700
b1101100 "
b1101100 .
1$
#90720
0$
0%
#90740
1$
#90760
0$
#90780
1$
#90800
0$
#90820
1$
#90840
0$
#90860
1$
#90880
0$
#90900
1$
#90920
0$
#90940
1$
#90960
0$
#90980
1$
#91000
0$
#91020
1$
#91040
0$
#91060
1$
#91080
0$
#91100
1$
#91120
0$
#91140
1$
#91160
0$
#91180
1$
#91200
0$
#91220
1$
#91240
0$
#91260
1$
#91280
0$
#91300
1$
#91320
0$
#91340
1$
#91360
0$
#91380
1$
#91400
0$
#91420
1$
#91440
0$
#91460
1$
#91480
0$
#91500
1$
#91520
0$
1%
#91540
b1101101 "
b1101101 .
1$
#91560
0$
0%
#91580
1$
#91600
0$
#91620
1$
#91640
0$
#91660
1$
#91680
0$
#91700
1$
#91720
0$
#91740
1$
#91760
0$
#91780
1$
#91800
0$
#91820
1$
#91840
0$
#91860
1$
#91880
0$
#91900
1$
#91920
0$
#91940
1$
#91960
0$
#91980
1$
#92000
0$
#92020
1$
#92040
0$
#92060
1$
#92080
0$
#92100
1$
#92120
0$
#92140
1$
#92160
0$
#92180
1$
#92200
0$
#92220
1$
#92240
0$
#92260
1$
#92280
0$
#92300
1$
#92320
0$
#92340
1$
#92360
0$
1%
#92380
b1101110 "
b1101110 .
1$
#92400
0$
0%
#92420
1$
#92440
0$
#92460
1$
#92480
0$
#92500
1$
#92520
0$
#92540
1$
#92560
0$
#92580
1$
#92600
0$
#92620
1$
#92640
0$
#92660
1$
#92680
0$
#92700
1$
#92720
0$
#92740
1$
#92760
0$
#92780
1$
#92800
0$
#92820
1$
#92840
0$
#92860
1$
#92880
0$
#92900
1$
#92920
0$
#92940
1$
#92960
0$
#92980
1$
#93000
0$
#93020
1$
#93040
0$
#93060
1$
#93080
0$
#93100
1$
#93120
0$
#93140
1$
#93160
0$
#93180
1$
#93200
0$
1%
#93220
b1101111 "
b1101111 .
1$
#93240
0$
0%
#93260
1$
#93280
0$
#93300
1$
#93320
0$
#93340
1$
#93360
0$
#93380
1$
#93400
0$
#93420
1$
#93440
0$
#93460
1$
#93480
0$
#93500
1$
#93520
0$
#93540
1$
#93560
0$
#93580
1$
#93600
0$
#93620
1$
#93640
0$
#93660
1$
#93680
0$
#93700
1$
#93720
0$
#93740
1$
#93760
0$
#93780
1$
#93800
0$
#93820
1$
#93840
0$
#93860
1$
#93880
0$
#93900
1$
#93920
0$
#93940
1$
#93960
0$
#93980
1$
#94000
0$
#94020
1$
#94040
0$
1%
#94060
b1110000 "
b1110000 .
1$
#94080
0$
0%
#94100
1$
#94120
0$
#94140
1$
#94160
0$
#94180
1$
#94200
0$
#94220
1$
#94240
0$
#94260
1$
#94280
0$
#94300
1$
#94320
0$
#94340
1$
#94360
0$
#94380
1$
#94400
0$
#94420
1$
#94440
0$
#94460
1$
#94480
0$
#94500
1$
#94520
0$
#94540
1$
#94560
0$
#94580
1$
#94600
0$
#94620
1$
#94640
0$
#94660
1$
#94680
0$
#94700
1$
#94720
0$
#94740
1$
#94760
0$
#94780
1$
#94800
0$
#94820
1$
#94840
0$
#94860
1$
#94880
0$
1%
#94900
b1110001 "
b1110001 .
1$
#94920
0$
0%
#94940
1$
#94960
0$
#94980
1$
#95000
0$
#95020
1$
#95040
0$
#95060
1$
#95080
0$
#95100
1$
#95120
0$
#95140
1$
#95160
0$
#95180
1$
#95200
0$
#95220
1$
#95240
0$
#95260
1$
#95280
0$
#95300
1$
#95320
0$
#95340
1$
#95360
0$
#95380
1$
#95400
0$
#95420
1$
#95440
0$
#95460
1$
#95480
0$
#95500
1$
#95520
0$
#95540
1$
#95560
0$
#95580
1$
#95600
0$
#95620
1$
#95640
0$
#95660
1$
#95680
0$
#95700
1$
#95720
0$
1%
#95740
b1110010 "
b1110010 .
1$
#95760
0$
0%
#95780
1$
#95800
0$
#95820
1$
#95840
0$
#95860
1$
#95880
0$
#95900
1$
#95920
0$
#95940
1$
#95960
0$
#95980
1$
#96000
0$
#96020
1$
#96040
0$
#96060
1$
#96080
0$
#96100
1$
#96120
0$
#96140
1$
#96160
0$
#96180
1$
#96200
0$
#96220
1$
#96240
0$
#96260
1$
#96280
0$
#96300
1$
#96320
0$
#96340
1$
#96360
0$
#96380
1$
#96400
0$
#96420
1$
#96440
0$
#96460
1$
#96480
0$
#96500
1$
#96520
0$
#96540
1$
#96560
0$
1%
#96580
b1110011 "
b1110011 .
1$
#96600
0$
0%
#96620
1$
#96640
0$
#96660
1$
#96680
0$
#96700
1$
#96720
0$
#96740
1$
#96760
0$
#96780
1$
#96800
0$
#96820
1$
#96840
0$
#96860
1$
#96880
0$
#96900
1$
#96920
0$
#96940
1$
#96960
0$
#96980
1$
#97000
0$
#97020
1$
#97040
0$
#97060
1$
#97080
0$
#97100
1$
#97120
0$
#97140
1$
#97160
0$
#97180
1$
#97200
0$
#97220
1$
#97240
0$
#97260
1$
#97280
0$
#97300
1$
#97320
0$
#97340
1$
#97360
0$
#97380
1$
#97400
0$
1%
#97420
b1110100 "
b1110100 .
1$
#97440
0$
0%
#97460
1$
#97480
0$
#97500
1$
#97520
0$
#97540
1$
#97560
0$
#97580
1$
#97600
0$
#97620
1$
#97640
0$
#97660
1$
#97680
0$
#97700
1$
#97720
0$
#97740
1$
#97760
0$
#97780
1$
#97800
0$
#97820
1$
#97840
0$
#97860
1$
#97880
0$
#97900
1$
#97920
0$
#97940
1$
#97960
0$
#97980
1$
#98000
0$
#98020
1$
#98040
0$
#98060
1$
#98080
0$
#98100
1$
#98120
0$
#98140
1$
#98160
0$
#98180
1$
#98200
0$
#98220
1$
#98240
0$
1%
#98260
b1110101 "
b1110101 .
1$
#98280
0$
0%
#98300
1$
#98320
0$
#98340
1$
#98360
0$
#98380
1$
#98400
0$
#98420
1$
#98440
0$
#98460
1$
#98480
0$
#98500
1$
#98520
0$
#98540
1$
#98560
0$
#98580
1$
#98600
0$
#98620
1$
#98640
0$
#98660
1$
#98680
0$
#98700
1$
#98720
0$
#98740
1$
#98760
0$
#98780
1$
#98800
0$
#98820
1$
#98840
0$
#98860
1$
#98880
0$
#98900
1$
#98920
0$
#98940
1$
#98960
0$
#98980
1$
#99000
0$
#99020
1$
#99040
0$
#99060
1$
#99080
0$
1%
#99100
b1110110 "
b1110110 .
1$
#99120
0$
0%
#99140
1$
#99160
0$
#99180
1$
#99200
0$
#99220
1$
#99240
0$
#99260
1$
#99280
0$
#99300
1$
#99320
0$
#99340
1$
#99360
0$
#99380
1$
#99400
0$
#99420
1$
#99440
0$
#99460
1$
#99480
0$
#99500
1$
#99520
0$
#99540
1$
#99560
0$
#99580
1$
#99600
0$
#99620
1$
#99640
0$
#99660
1$
#99680
0$
#99700
1$
#99720
0$
#99740
1$
#99760
0$
#99780
1$
#99800
0$
#99820
1$
#99840
0$
#99860
1$
#99880
0$
#99900
1$
#99920
0$
1%
#99940
b1110111 "
b1110111 .
1$
#99960
0$
0%
#99980
1$
#100000
0$
#100020
1$
#100040
0$
#100060
1$
#100080
0$
#100100
1$
#100120
0$
#100140
1$
#100160
0$
#100180
1$
#100200
0$
#100220
1$
#100240
0$
#100260
1$
#100280
0$
#100300
1$
#100320
0$
#100340
1$
#100360
0$
#100380
1$
#100400
0$
#100420
1$
#100440
0$
#100460
1$
#100480
0$
#100500
1$
#100520
0$
#100540
1$
#100560
0$
#100580
1$
#100600
0$
#100620
1$
#100640
0$
#100660
1$
#100680
0$
#100700
1$
#100720
0$
#100740
1$
#100760
0$
1%
#100780
b1111000 "
b1111000 .
1$
#100800
0$
0%
#100820
1$
#100840
0$
#100860
1$
#100880
0$
#100900
1$
#100920
0$
#100940
1$
#100960
0$
#100980
1$
#101000
0$
#101020
1$
#101040
0$
#101060
1$
#101080
0$
#101100
1$
#101120
0$
#101140
1$
#101160
0$
#101180
1$
#101200
0$
#101220
1$
#101240
0$
#101260
1$
#101280
0$
#101300
1$
#101320
0$
#101340
1$
#101360
0$
#101380
1$
#101400
0$
#101420
1$
#101440
0$
#101460
1$
#101480
0$
#101500
1$
#101520
0$
#101540
1$
#101560
0$
#101580
1$
#101600
0$
1%
#101620
b1111001 "
b1111001 .
1$
#101640
0$
0%
#101660
1$
#101680
0$
#101700
1$
#101720
0$
#101740
1$
#101760
0$
#101780
1$
#101800
0$
#101820
1$
#101840
0$
#101860
1$
#101880
0$
#101900
1$
#101920
0$
#101940
1$
#101960
0$
#101980
1$
#102000
0$
#102020
1$
#102040
0$
#102060
1$
#102080
0$
#102100
1$
#102120
0$
#102140
1$
#102160
0$
#102180
1$
#102200
0$
#102220
1$
#102240
0$
#102260
1$
#102280
0$
#102300
1$
#102320
0$
#102340
1$
#102360
0$
#102380
1$
#102400
0$
#102420
1$
#102440
0$
1%
#102460
b1111010 "
b1111010 .
1$
#102480
0$
0%
#102500
1$
#102520
0$
#102540
1$
#102560
0$
#102580
1$
#102600
0$
#102620
1$
#102640
0$
#102660
1$
#102680
0$
#102700
1$
#102720
0$
#102740
1$
#102760
0$
#102780
1$
#102800
0$
#102820
1$
#102840
0$
#102860
1$
#102880
0$
#102900
1$
#102920
0$
#102940
1$
#102960
0$
#102980
1$
#103000
0$
#103020
1$
#103040
0$
#103060
1$
#103080
0$
#103100
1$
#103120
0$
#103140
1$
#103160
0$
#103180
1$
#103200
0$
#103220
1$
#103240
0$
#103260
1$
#103280
0$
1%
#103300
b1111011 "
b1111011 .
1$
#103320
0$
0%
#103340
1$
#103360
0$
#103380
1$
#103400
0$
#103420
1$
#103440
0$
#103460
1$
#103480
0$
#103500
1$
#103520
0$
#103540
1$
#103560
0$
#103580
1$
#103600
0$
#103620
1$
#103640
0$
#103660
1$
#103680
0$
#103700
1$
#103720
0$
#103740
1$
#103760
0$
#103780
1$
#103800
0$
#103820
1$
#103840
0$
#103860
1$
#103880
0$
#103900
1$
#103920
0$
#103940
1$
#103960
0$
#103980
1$
#104000
0$
#104020
1$
#104040
0$
#104060
1$
#104080
0$
#104100
1$
#104120
0$
1%
#104140
b1111100 "
b1111100 .
1$
#104160
0$
0%
#104180
1$
#104200
0$
#104220
1$
#104240
0$
#104260
1$
#104280
0$
#104300
1$
#104320
0$
#104340
1$
#104360
0$
#104380
1$
#104400
0$
#104420
1$
#104440
0$
#104460
1$
#104480
0$
#104500
1$
#104520
0$
#104540
1$
#104560
0$
#104580
1$
#104600
0$
#104620
1$
#104640
0$
#104660
1$
#104680
0$
#104700
1$
#104720
0$
#104740
1$
#104760
0$
#104780
1$
#104800
0$
#104820
1$
#104840
0$
#104860
1$
#104880
0$
#104900
1$
#104920
0$
#104940
1$
#104960
0$
1%
#104980
b1111101 "
b1111101 .
1$
#105000
0$
0%
#105020
1$
#105040
0$
#105060
1$
#105080
0$
#105100
1$
#105120
0$
#105140
1$
#105160
0$
#105180
1$
#105200
0$
#105220
1$
#105240
0$
#105260
1$
#105280
0$
#105300
1$
#105320
0$
#105340
1$
#105360
0$
#105380
1$
#105400
0$
#105420
1$
#105440
0$
#105460
1$
#105480
0$
#105500
1$
#105520
0$
#105540
1$
#105560
0$
#105580
1$
#105600
0$
#105620
1$
#105640
0$
#105660
1$
#105680
0$
#105700
1$
#105720
0$
#105740
1$
#105760
0$
#105780
1$
#105800
0$
1%
#105820
b1111110 "
b1111110 .
1$
#105840
0$
0%
#105860
1$
#105880
0$
#105900
1$
#105920
0$
#105940
1$
#105960
0$
#105980
1$
#106000
0$
#106020
1$
#106040
0$
#106060
1$
#106080
0$
#106100
1$
#106120
0$
#106140
1$
#106160
0$
#106180
1$
#106200
0$
#106220
1$
#106240
0$
#106260
1$
#106280
0$
#106300
1$
#106320
0$
#106340
1$
#106360
0$
#106380
1$
#106400
0$
#106420
1$
#106440
0$
#106460
1$
#106480
0$
#106500
1$
#106520
0$
#106540
1$
#106560
0$
#106580
1$
#106600
0$
#106620
1$
#106640
0$
1%
#106660
b1111111 "
b1111111 .
1$
#106680
0$
0%
#106700
1$
#106720
0$
#106740
1$
#106760
0$
#106780
1$
#106800
0$
#106820
1$
#106840
0$
#106860
1$
#106880
0$
#106900
1$
#106920
0$
#106940
1$
#106960
0$
#106980
1$
#107000
0$
#107020
1$
#107040
0$
#107060
1$
#107080
0$
#107100
1$
#107120
0$
#107140
1$
#107160
0$
#107180
1$
#107200
0$
#107220
1$
#107240
0$
#107260
1$
#107280
0$
#107300
1$
#107320
0$
#107340
1$
#107360
0$
#107380
1$
#107400
0$
#107420
1$
#107440
0$
#107460
1$
#107480
0$
1%
#107500
b10000000 "
b10000000 .
1$
#107520
0$
0%
#107540
1$
#107560
0$
#107580
1$
#107600
0$
#107620
1$
#107640
0$
#107660
1$
#107680
0$
#107700
1$
#107720
0$
#107740
1$
#107760
0$
#107780
1$
#107800
0$
#107820
1$
#107840
0$
#107860
1$
#107880
0$
#107900
1$
#107920
0$
#107940
1$
#107960
0$
#107980
1$
#108000
0$
#108020
1$
#108040
0$
#108060
1$
#108080
0$
#108100
1$
#108120
0$
#108140
1$
#108160
0$
#108180
1$
#108200
0$
#108220
1$
#108240
0$
#108260
1$
#108280
0$
#108300
1$
#108320
0$
1%
#108340
b10000001 "
b10000001 .
1$
#108360
0$
0%
#108380
1$
#108400
0$
#108420
1$
#108440
0$
#108460
1$
#108480
0$
#108500
1$
#108520
0$
#108540
1$
#108560
0$
#108580
1$
#108600
0$
#108620
1$
#108640
0$
#108660
1$
#108680
0$
#108700
1$
#108720
0$
#108740
1$
#108760
0$
#108780
1$
#108800
0$
#108820
1$
#108840
0$
#108860
1$
#108880
0$
#108900
1$
#108920
0$
#108940
1$
#108960
0$
#108980
1$
#109000
0$
#109020
1$
#109040
0$
#109060
1$
#109080
0$
#109100
1$
#109120
0$
#109140
1$
#109160
0$
1%
#109180
b10000010 "
b10000010 .
1$
#109200
0$
0%
#109220
1$
#109240
0$
#109260
1$
#109280
0$
#109300
1$
#109320
0$
#109340
1$
#109360
0$
#109380
1$
#109400
0$
#109420
1$
#109440
0$
#109460
1$
#109480
0$
#109500
1$
#109520
0$
#109540
1$
#109560
0$
#109580
1$
#109600
0$
#109620
1$
#109640
0$
#109660
1$
#109680
0$
#109700
1$
#109720
0$
#109740
1$
#109760
0$
#109780
1$
#109800
0$
#109820
1$
#109840
0$
#109860
1$
#109880
0$
#109900
1$
#109920
0$
#109940
1$
#109960
0$
#109980
1$
#110000
0$
1%
#110020
b10000011 "
b10000011 .
1$
#110040
0$
0%
#110060
1$
#110080
0$
#110100
1$
#110120
0$
#110140
1$
#110160
0$
#110180
1$
#110200
0$
#110220
1$
#110240
0$
#110260
1$
#110280
0$
#110300
1$
#110320
0$
#110340
1$
#110360
0$
#110380
1$
#110400
0$
#110420
1$
#110440
0$
#110460
1$
#110480
0$
#110500
1$
#110520
0$
#110540
1$
#110560
0$
#110580
1$
#110600
0$
#110620
1$
#110640
0$
#110660
1$
#110680
0$
#110700
1$
#110720
0$
#110740
1$
#110760
0$
#110780
1$
#110800
0$
#110820
1$
#110840
0$
1%
#110860
b10000100 "
b10000100 .
1$
#110880
0$
0%
#110900
1$
#110920
0$
#110940
1$
#110960
0$
#110980
1$
#111000
0$
#111020
1$
#111040
0$
#111060
1$
#111080
0$
#111100
1$
#111120
0$
#111140
1$
#111160
0$
#111180
1$
#111200
0$
#111220
1$
#111240
0$
#111260
1$
#111280
0$
#111300
1$
#111320
0$
#111340
1$
#111360
0$
#111380
1$
#111400
0$
#111420
1$
#111440
0$
#111460
1$
#111480
0$
#111500
1$
#111520
0$
#111540
1$
#111560
0$
#111580
1$
#111600
0$
#111620
1$
#111640
0$
#111660
1$
#111680
0$
1%
#111700
b10000101 "
b10000101 .
1$
#111720
0$
0%
#111740
1$
#111760
0$
#111780
1$
#111800
0$
#111820
1$
#111840
0$
#111860
1$
#111880
0$
#111900
1$
#111920
0$
#111940
1$
#111960
0$
#111980
1$
#112000
0$
#112020
1$
#112040
0$
#112060
1$
#112080
0$
#112100
1$
#112120
0$
#112140
1$
#112160
0$
#112180
1$
#112200
0$
#112220
1$
#112240
0$
#112260
1$
#112280
0$
#112300
1$
#112320
0$
#112340
1$
#112360
0$
#112380
1$
#112400
0$
#112420
1$
#112440
0$
#112460
1$
#112480
0$
#112500
1$
#112520
0$
1%
#112540
b10000110 "
b10000110 .
1$
#112560
0$
0%
#112580
1$
#112600
0$
#112620
1$
#112640
0$
#112660
1$
#112680
0$
#112700
1$
#112720
0$
#112740
1$
#112760
0$
#112780
1$
#112800
0$
#112820
1$
#112840
0$
#112860
1$
#112880
0$
#112900
1$
#112920
0$
#112940
1$
#112960
0$
#112980
1$
#113000
0$
#113020
1$
#113040
0$
#113060
1$
#113080
0$
#113100
1$
#113120
0$
#113140
1$
#113160
0$
#113180
1$
#113200
0$
#113220
1$
#113240
0$
#113260
1$
#113280
0$
#113300
1$
#113320
0$
#113340
1$
#113360
0$
1%
#113380
b10000111 "
b10000111 .
1$
#113400
0$
0%
#113420
1$
#113440
0$
#113460
1$
#113480
0$
#113500
1$
#113520
0$
#113540
1$
#113560
0$
#113580
1$
#113600
0$
#113620
1$
#113640
0$
#113660
1$
#113680
0$
#113700
1$
#113720
0$
#113740
1$
#113760
0$
#113780
1$
#113800
0$
#113820
1$
#113840
0$
#113860
1$
#113880
0$
#113900
1$
#113920
0$
#113940
1$
#113960
0$
#113980
1$
#114000
0$
#114020
1$
#114040
0$
#114060
1$
#114080
0$
#114100
1$
#114120
0$
#114140
1$
#114160
0$
#114180
1$
#114200
0$
1%
#114220
b10001000 "
b10001000 .
1$
#114240
0$
0%
#114260
1$
#114280
0$
#114300
1$
#114320
0$
#114340
1$
#114360
0$
#114380
1$
#114400
0$
#114420
1$
#114440
0$
#114460
1$
#114480
0$
#114500
1$
#114520
0$
#114540
1$
#114560
0$
#114580
1$
#114600
0$
#114620
1$
#114640
0$
#114660
1$
#114680
0$
#114700
1$
#114720
0$
#114740
1$
#114760
0$
#114780
1$
#114800
0$
#114820
1$
#114840
0$
#114860
1$
#114880
0$
#114900
1$
#114920
0$
#114940
1$
#114960
0$
#114980
1$
#115000
0$
#115020
1$
#115040
0$
1%
#115060
b10001001 "
b10001001 .
1$
#115080
0$
0%
#115100
1$
#115120
0$
#115140
1$
#115160
0$
#115180
1$
#115200
0$
#115220
1$
#115240
0$
#115260
1$
#115280
0$
#115300
1$
#115320
0$
#115340
1$
#115360
0$
#115380
1$
#115400
0$
#115420
1$
#115440
0$
#115460
1$
#115480
0$
#115500
1$
#115520
0$
#115540
1$
#115560
0$
#115580
1$
#115600
0$
#115620
1$
#115640
0$
#115660
1$
#115680
0$
#115700
1$
#115720
0$
#115740
1$
#115760
0$
#115780
1$
#115800
0$
#115820
1$
#115840
0$
#115860
1$
#115880
0$
1%
#115900
b10001010 "
b10001010 .
1$
#115920
0$
0%
#115940
1$
#115960
0$
#115980
1$
#116000
0$
#116020
1$
#116040
0$
#116060
1$
#116080
0$
#116100
1$
#116120
0$
#116140
1$
#116160
0$
#116180
1$
#116200
0$
#116220
1$
#116240
0$
#116260
1$
#116280
0$
#116300
1$
#116320
0$
#116340
1$
#116360
0$
#116380
1$
#116400
0$
#116420
1$
#116440
0$
#116460
1$
#116480
0$
#116500
1$
#116520
0$
#116540
1$
#116560
0$
#116580
1$
#116600
0$
#116620
1$
#116640
0$
#116660
1$
#116680
0$
#116700
1$
#116720
0$
1%
#116740
b10001011 "
b10001011 .
1$
#116760
0$
0%
#116780
1$
#116800
0$
#116820
1$
#116840
0$
#116860
1$
#116880
0$
#116900
1$
#116920
0$
#116940
1$
#116960
0$
#116980
1$
#117000
0$
#117020
1$
#117040
0$
#117060
1$
#117080
0$
#117100
1$
#117120
0$
#117140
1$
#117160
0$
#117180
1$
#117200
0$
#117220
1$
#117240
0$
#117260
1$
#117280
0$
#117300
1$
#117320
0$
#117340
1$
#117360
0$
#117380
1$
#117400
0$
#117420
1$
#117440
0$
#117460
1$
#117480
0$
#117500
1$
#117520
0$
#117540
1$
#117560
0$
1%
#117580
b10001100 "
b10001100 .
1$
#117600
0$
0%
#117620
1$
#117640
0$
#117660
1$
#117680
0$
#117700
1$
#117720
0$
#117740
1$
#117760
0$
#117780
1$
#117800
0$
#117820
1$
#117840
0$
#117860
1$
#117880
0$
#117900
1$
#117920
0$
#117940
1$
#117960
0$
#117980
1$
#118000
0$
#118020
1$
#118040
0$
#118060
1$
#118080
0$
#118100
1$
#118120
0$
#118140
1$
#118160
0$
#118180
1$
#118200
0$
#118220
1$
#118240
0$
#118260
1$
#118280
0$
#118300
1$
#118320
0$
#118340
1$
#118360
0$
#118380
1$
#118400
0$
1%
#118420
b10001101 "
b10001101 .
1$
#118440
0$
0%
#118460
1$
#118480
0$
#118500
1$
#118520
0$
#118540
1$
#118560
0$
#118580
1$
#118600
0$
#118620
1$
#118640
0$
#118660
1$
#118680
0$
#118700
1$
#118720
0$
#118740
1$
#118760
0$
#118780
1$
#118800
0$
#118820
1$
#118840
0$
#118860
1$
#118880
0$
#118900
1$
#118920
0$
#118940
1$
#118960
0$
#118980
1$
#119000
0$
#119020
1$
#119040
0$
#119060
1$
#119080
0$
#119100
1$
#119120
0$
#119140
1$
#119160
0$
#119180
1$
#119200
0$
#119220
1$
#119240
0$
1%
#119260
b10001110 "
b10001110 .
1$
#119280
0$
0%
#119300
1$
#119320
0$
#119340
1$
#119360
0$
#119380
1$
#119400
0$
#119420
1$
#119440
0$
#119460
1$
#119480
0$
#119500
1$
#119520
0$
#119540
1$
#119560
0$
#119580
1$
#119600
0$
#119620
1$
#119640
0$
#119660
1$
#119680
0$
#119700
1$
#119720
0$
#119740
1$
#119760
0$
#119780
1$
#119800
0$
#119820
1$
#119840
0$
#119860
1$
#119880
0$
#119900
1$
#119920
0$
#119940
1$
#119960
0$
#119980
1$
#120000
0$
#120020
1$
#120040
0$
#120060
1$
#120080
0$
1%
#120100
b10001111 "
b10001111 .
1$
#120120
0$
0%
#120140
1$
#120160
0$
#120180
1$
#120200
0$
#120220
1$
#120240
0$
#120260
1$
#120280
0$
#120300
1$
#120320
0$
#120340
1$
#120360
0$
#120380
1$
#120400
0$
#120420
1$
#120440
0$
#120460
1$
#120480
0$
#120500
1$
#120520
0$
#120540
1$
#120560
0$
#120580
1$
#120600
0$
#120620
1$
#120640
0$
#120660
1$
#120680
0$
#120700
1$
#120720
0$
#120740
1$
#120760
0$
#120780
1$
#120800
0$
#120820
1$
#120840
0$
#120860
1$
#120880
0$
#120900
1$
#120920
0$
1%
#120940
b10010000 "
b10010000 .
1$
#120960
0$
0%
#120980
1$
#121000
0$
#121020
1$
#121040
0$
#121060
1$
#121080
0$
#121100
1$
#121120
0$
#121140
1$
#121160
0$
#121180
1$
#121200
0$
#121220
1$
#121240
0$
#121260
1$
#121280
0$
#121300
1$
#121320
0$
#121340
1$
#121360
0$
#121380
1$
#121400
0$
#121420
1$
#121440
0$
#121460
1$
#121480
0$
#121500
1$
#121520
0$
#121540
1$
#121560
0$
#121580
1$
#121600
0$
#121620
1$
#121640
0$
#121660
1$
#121680
0$
#121700
1$
#121720
0$
#121740
1$
#121760
0$
1%
#121780
b10010001 "
b10010001 .
1$
#121800
0$
0%
#121820
1$
#121840
0$
#121860
1$
#121880
0$
#121900
1$
#121920
0$
#121940
1$
#121960
0$
#121980
1$
#122000
0$
#122020
1$
#122040
0$
#122060
1$
#122080
0$
#122100
1$
#122120
0$
#122140
1$
#122160
0$
#122180
1$
#122200
0$
#122220
1$
#122240
0$
#122260
1$
#122280
0$
#122300
1$
#122320
0$
#122340
1$
#122360
0$
#122380
1$
#122400
0$
#122420
1$
#122440
0$
#122460
1$
#122480
0$
#122500
1$
#122520
0$
#122540
1$
#122560
0$
#122580
1$
#122600
0$
1%
#122620
b10010010 "
b10010010 .
1$
#122640
0$
0%
#122660
1$
#122680
0$
#122700
1$
#122720
0$
#122740
1$
#122760
0$
#122780
1$
#122800
0$
#122820
1$
#122840
0$
#122860
1$
#122880
0$
#122900
1$
#122920
0$
#122940
1$
#122960
0$
#122980
1$
#123000
0$
#123020
1$
#123040
0$
#123060
1$
#123080
0$
#123100
1$
#123120
0$
#123140
1$
#123160
0$
#123180
1$
#123200
0$
#123220
1$
#123240
0$
#123260
1$
#123280
0$
#123300
1$
#123320
0$
#123340
1$
#123360
0$
#123380
1$
#123400
0$
#123420
1$
#123440
0$
1%
#123460
b10010011 "
b10010011 .
1$
#123480
0$
0%
#123500
1$
#123520
0$
#123540
1$
#123560
0$
#123580
1$
#123600
0$
#123620
1$
#123640
0$
#123660
1$
#123680
0$
#123700
1$
#123720
0$
#123740
1$
#123760
0$
#123780
1$
#123800
0$
#123820
1$
#123840
0$
#123860
1$
#123880
0$
#123900
1$
#123920
0$
#123940
1$
#123960
0$
#123980
1$
#124000
0$
#124020
1$
#124040
0$
#124060
1$
#124080
0$
#124100
1$
#124120
0$
#124140
1$
#124160
0$
#124180
1$
#124200
0$
#124220
1$
#124240
0$
#124260
1$
#124280
0$
1%
#124300
b10010100 "
b10010100 .
1$
#124320
0$
0%
#124340
1$
#124360
0$
#124380
1$
#124400
0$
#124420
1$
#124440
0$
#124460
1$
#124480
0$
#124500
1$
#124520
0$
#124540
1$
#124560
0$
#124580
1$
#124600
0$
#124620
1$
#124640
0$
#124660
1$
#124680
0$
#124700
1$
#124720
0$
#124740
1$
#124760
0$
#124780
1$
#124800
0$
#124820
1$
#124840
0$
#124860
1$
#124880
0$
#124900
1$
#124920
0$
#124940
1$
#124960
0$
#124980
1$
#125000
0$
#125020
1$
#125040
0$
#125060
1$
#125080
0$
#125100
1$
#125120
0$
1%
#125140
b10010101 "
b10010101 .
1$
#125160
0$
0%
#125180
1$
#125200
0$
#125220
1$
#125240
0$
#125260
1$
#125280
0$
#125300
1$
#125320
0$
#125340
1$
#125360
0$
#125380
1$
#125400
0$
#125420
1$
#125440
0$
#125460
1$
#125480
0$
#125500
1$
#125520
0$
#125540
1$
#125560
0$
#125580
1$
#125600
0$
#125620
1$
#125640
0$
#125660
1$
#125680
0$
#125700
1$
#125720
0$
#125740
1$
#125760
0$
#125780
1$
#125800
0$
#125820
1$
#125840
0$
#125860
1$
#125880
0$
#125900
1$
#125920
0$
#125940
1$
#125960
0$
1%
#125980
b10010110 "
b10010110 .
1$
#126000
0$
0%
#126020
1$
#126040
0$
#126060
1$
#126080
0$
#126100
1$
#126120
0$
#126140
1$
#126160
0$
#126180
1$
#126200
0$
#126220
1$
#126240
0$
#126260
1$
#126280
0$
#126300
1$
#126320
0$
#126340
1$
#126360
0$
#126380
1$
#126400
0$
#126420
1$
#126440
0$
#126460
1$
#126480
0$
#126500
1$
#126520
0$
#126540
1$
#126560
0$
#126580
1$
#126600
0$
#126620
1$
#126640
0$
#126660
1$
#126680
0$
#126700
1$
#126720
0$
#126740
1$
#126760
0$
#126780
1$
#126800
0$
1%
#126820
b10010111 "
b10010111 .
1$
#126840
0$
0%
#126860
1$
#126880
0$
#126900
1$
#126920
0$
#126940
1$
#126960
0$
#126980
1$
#127000
0$
#127020
1$
#127040
0$
#127060
1$
#127080
0$
#127100
1$
#127120
0$
#127140
1$
#127160
0$
#127180
1$
#127200
0$
#127220
1$
#127240
0$
#127260
1$
#127280
0$
#127300
1$
#127320
0$
#127340
1$
#127360
0$
#127380
1$
#127400
0$
#127420
1$
#127440
0$
#127460
1$
#127480
0$
#127500
1$
#127520
0$
#127540
1$
#127560
0$
#127580
1$
#127600
0$
#127620
1$
#127640
0$
1%
#127660
b10011000 "
b10011000 .
1$
#127680
0$
0%
#127700
1$
#127720
0$
#127740
1$
#127760
0$
#127780
1$
#127800
0$
#127820
1$
#127840
0$
#127860
1$
#127880
0$
#127900
1$
#127920
0$
#127940
1$
#127960
0$
#127980
1$
#128000
0$
#128020
1$
#128040
0$
#128060
1$
#128080
0$
#128100
1$
#128120
0$
#128140
1$
#128160
0$
#128180
1$
#128200
0$
#128220
1$
#128240
0$
#128260
1$
#128280
0$
#128300
1$
#128320
0$
#128340
1$
#128360
0$
#128380
1$
#128400
0$
#128420
1$
#128440
0$
#128460
1$
#128480
0$
1%
#128500
b10011001 "
b10011001 .
1$
#128520
0$
0%
#128540
1$
#128560
0$
#128580
1$
#128600
0$
#128620
1$
#128640
0$
#128660
1$
#128680
0$
#128700
1$
#128720
0$
#128740
1$
#128760
0$
#128780
1$
#128800
0$
#128820
1$
#128840
0$
#128860
1$
#128880
0$
#128900
1$
#128920
0$
#128940
1$
#128960
0$
#128980
1$
#129000
0$
#129020
1$
#129040
0$
#129060
1$
#129080
0$
#129100
1$
#129120
0$
#129140
1$
#129160
0$
#129180
1$
#129200
0$
#129220
1$
#129240
0$
#129260
1$
#129280
0$
#129300
1$
#129320
0$
1%
#129340
b10011010 "
b10011010 .
1$
#129360
0$
0%
#129380
1$
#129400
0$
#129420
1$
#129440
0$
#129460
1$
#129480
0$
#129500
1$
#129520
0$
#129540
1$
#129560
0$
#129580
1$
#129600
0$
#129620
1$
#129640
0$
#129660
1$
#129680
0$
#129700
1$
#129720
0$
#129740
1$
#129760
0$
#129780
1$
#129800
0$
#129820
1$
#129840
0$
#129860
1$
#129880
0$
#129900
1$
#129920
0$
#129940
1$
#129960
0$
#129980
1$
#130000
0$
#130020
1$
#130040
0$
#130060
1$
#130080
0$
#130100
1$
#130120
0$
#130140
1$
#130160
0$
1%
#130180
b10011011 "
b10011011 .
1$
#130200
0$
0%
#130220
1$
#130240
0$
#130260
1$
#130280
0$
#130300
1$
#130320
0$
#130340
1$
#130360
0$
#130380
1$
#130400
0$
#130420
1$
#130440
0$
#130460
1$
#130480
0$
#130500
1$
#130520
0$
#130540
1$
#130560
0$
#130580
1$
#130600
0$
#130620
1$
#130640
0$
#130660
1$
#130680
0$
#130700
1$
#130720
0$
#130740
1$
#130760
0$
#130780
1$
#130800
0$
#130820
1$
#130840
0$
#130860
1$
#130880
0$
#130900
1$
#130920
0$
#130940
1$
#130960
0$
#130980
1$
#131000
0$
1%
#131020
b10011100 "
b10011100 .
1$
#131040
0$
0%
#131060
1$
#131080
0$
#131100
1$
#131120
0$
#131140
1$
#131160
0$
#131180
1$
#131200
0$
#131220
1$
#131240
0$
#131260
1$
#131280
0$
#131300
1$
#131320
0$
#131340
1$
#131360
0$
#131380
1$
#131400
0$
#131420
1$
#131440
0$
#131460
1$
#131480
0$
#131500
1$
#131520
0$
#131540
1$
#131560
0$
#131580
1$
#131600
0$
#131620
1$
#131640
0$
#131660
1$
#131680
0$
#131700
1$
#131720
0$
#131740
1$
#131760
0$
#131780
1$
#131800
0$
#131820
1$
#131840
0$
1%
#131860
b10011101 "
b10011101 .
1$
#131880
0$
0%
#131900
1$
#131920
0$
#131940
1$
#131960
0$
#131980
1$
#132000
0$
#132020
1$
#132040
0$
#132060
1$
#132080
0$
#132100
1$
#132120
0$
#132140
1$
#132160
0$
#132180
1$
#132200
0$
#132220
1$
#132240
0$
#132260
1$
#132280
0$
#132300
1$
#132320
0$
#132340
1$
#132360
0$
#132380
1$
#132400
0$
#132420
1$
#132440
0$
#132460
1$
#132480
0$
#132500
1$
#132520
0$
#132540
1$
#132560
0$
#132580
1$
#132600
0$
#132620
1$
#132640
0$
#132660
1$
#132680
0$
1%
#132700
b10011110 "
b10011110 .
1$
#132720
0$
0%
#132740
1$
#132760
0$
#132780
1$
#132800
0$
#132820
1$
#132840
0$
#132860
1$
#132880
0$
#132900
1$
#132920
0$
#132940
1$
#132960
0$
#132980
1$
#133000
0$
#133020
1$
#133040
0$
#133060
1$
#133080
0$
#133100
1$
#133120
0$
#133140
1$
#133160
0$
#133180
1$
#133200
0$
#133220
1$
#133240
0$
#133260
1$
#133280
0$
#133300
1$
#133320
0$
#133340
1$
#133360
0$
#133380
1$
#133400
0$
#133420
1$
#133440
0$
#133460
1$
#133480
0$
#133500
1$
#133520
0$
1%
#133540
b10011111 "
b10011111 .
1$
#133560
0$
0%
#133580
1$
#133600
0$
#133620
1$
#133640
0$
#133660
1$
#133680
0$
#133700
1$
#133720
0$
#133740
1$
#133760
0$
#133780
1$
#133800
0$
#133820
1$
#133840
0$
#133860
1$
#133880
0$
#133900
1$
#133920
0$
#133940
1$
#133960
0$
#133980
1$
#134000
0$
#134020
1$
#134040
0$
#134060
1$
#134080
0$
#134100
1$
#134120
0$
#134140
1$
#134160
0$
#134180
1$
#134200
0$
#134220
1$
#134240
0$
#134260
1$
#134280
0$
#134300
1$
#134320
0$
#134340
1$
#134360
0$
1%
#134380
b10100000 "
b10100000 .
1$
#134400
0$
0%
#134420
1$
#134440
0$
#134460
1$
#134480
0$
#134500
1$
#134520
0$
#134540
1$
#134560
0$
#134580
1$
#134600
0$
#134620
1$
#134640
0$
#134660
1$
#134680
0$
#134700
1$
#134720
0$
#134740
1$
#134760
0$
#134780
1$
#134800
0$
#134820
1$
#134840
0$
#134860
1$
#134880
0$
#134900
1$
#134920
0$
#134940
1$
#134960
0$
#134980
1$
#135000
0$
#135020
1$
#135040
0$
#135060
1$
#135080
0$
#135100
1$
#135120
0$
#135140
1$
#135160
0$
#135180
1$
#135200
0$
1%
#135220
b10100001 "
b10100001 .
1$
#135240
0$
0%
#135260
1$
#135280
0$
#135300
1$
#135320
0$
#135340
1$
#135360
0$
#135380
1$
#135400
0$
#135420
1$
#135440
0$
#135460
1$
#135480
0$
#135500
1$
#135520
0$
#135540
1$
#135560
0$
#135580
1$
#135600
0$
#135620
1$
#135640
0$
#135660
1$
#135680
0$
#135700
1$
#135720
0$
#135740
1$
#135760
0$
#135780
1$
#135800
0$
#135820
1$
#135840
0$
#135860
1$
#135880
0$
#135900
1$
#135920
0$
#135940
1$
#135960
0$
#135980
1$
#136000
0$
#136020
1$
#136040
0$
1%
#136060
b10100010 "
b10100010 .
1$
#136080
0$
0%
#136100
1$
#136120
0$
#136140
1$
#136160
0$
#136180
1$
#136200
0$
#136220
1$
#136240
0$
#136260
1$
#136280
0$
#136300
1$
#136320
0$
#136340
1$
#136360
0$
#136380
1$
#136400
0$
#136420
1$
#136440
0$
#136460
1$
#136480
0$
#136500
1$
#136520
0$
#136540
1$
#136560
0$
#136580
1$
#136600
0$
#136620
1$
#136640
0$
#136660
1$
#136680
0$
#136700
1$
#136720
0$
#136740
1$
#136760
0$
#136780
1$
#136800
0$
#136820
1$
#136840
0$
#136860
1$
#136880
0$
1%
#136900
b10100011 "
b10100011 .
1$
#136920
0$
0%
#136940
1$
#136960
0$
#136980
1$
#137000
0$
#137020
1$
#137040
0$
#137060
1$
#137080
0$
#137100
1$
#137120
0$
#137140
1$
#137160
0$
#137180
1$
#137200
0$
#137220
1$
#137240
0$
#137260
1$
#137280
0$
#137300
1$
#137320
0$
#137340
1$
#137360
0$
#137380
1$
#137400
0$
#137420
1$
#137440
0$
#137460
1$
#137480
0$
#137500
1$
#137520
0$
#137540
1$
#137560
0$
#137580
1$
#137600
0$
#137620
1$
#137640
0$
#137660
1$
#137680
0$
#137700
1$
#137720
0$
1%
#137740
b10100100 "
b10100100 .
1$
#137760
0$
0%
#137780
1$
#137800
0$
#137820
1$
#137840
0$
#137860
1$
#137880
0$
#137900
1$
#137920
0$
#137940
1$
#137960
0$
#137980
1$
#138000
0$
#138020
1$
#138040
0$
#138060
1$
#138080
0$
#138100
1$
#138120
0$
#138140
1$
#138160
0$
#138180
1$
#138200
0$
#138220
1$
#138240
0$
#138260
1$
#138280
0$
#138300
1$
#138320
0$
#138340
1$
#138360
0$
#138380
1$
#138400
0$
#138420
1$
#138440
0$
#138460
1$
#138480
0$
#138500
1$
#138520
0$
#138540
1$
#138560
0$
1%
#138580
b10100101 "
b10100101 .
1$
#138600
0$
0%
#138620
1$
#138640
0$
#138660
1$
#138680
0$
#138700
1$
#138720
0$
#138740
1$
#138760
0$
#138780
1$
#138800
0$
#138820
1$
#138840
0$
#138860
1$
#138880
0$
#138900
1$
#138920
0$
#138940
1$
#138960
0$
#138980
1$
#139000
0$
#139020
1$
#139040
0$
#139060
1$
#139080
0$
#139100
1$
#139120
0$
#139140
1$
#139160
0$
#139180
1$
#139200
0$
#139220
1$
#139240
0$
#139260
1$
#139280
0$
#139300
1$
#139320
0$
#139340
1$
#139360
0$
#139380
1$
#139400
0$
1%
#139420
b10100110 "
b10100110 .
1$
#139440
0$
0%
#139460
1$
#139480
0$
#139500
1$
#139520
0$
#139540
1$
#139560
0$
#139580
1$
#139600
0$
#139620
1$
#139640
0$
#139660
1$
#139680
0$
#139700
1$
#139720
0$
#139740
1$
#139760
0$
#139780
1$
#139800
0$
#139820
1$
#139840
0$
#139860
1$
#139880
0$
#139900
1$
#139920
0$
#139940
1$
#139960
0$
#139980
1$
#140000
0$
#140020
1$
#140040
0$
#140060
1$
#140080
0$
#140100
1$
#140120
0$
#140140
1$
#140160
0$
#140180
1$
#140200
0$
#140220
1$
#140240
0$
1%
#140260
b10100111 "
b10100111 .
1$
#140280
0$
0%
#140300
1$
#140320
0$
#140340
1$
#140360
0$
#140380
1$
#140400
0$
#140420
1$
#140440
0$
#140460
1$
#140480
0$
#140500
1$
#140520
0$
#140540
1$
#140560
0$
#140580
1$
#140600
0$
#140620
1$
#140640
0$
#140660
1$
#140680
0$
#140700
1$
#140720
0$
#140740
1$
#140760
0$
#140780
1$
#140800
0$
#140820
1$
#140840
0$
#140860
1$
#140880
0$
#140900
1$
#140920
0$
#140940
1$
#140960
0$
#140980
1$
#141000
0$
#141020
1$
#141040
0$
#141060
1$
#141080
0$
1%
#141100
b10101000 "
b10101000 .
1$
#141120
0$
0%
#141140
1$
#141160
0$
#141180
1$
#141200
0$
#141220
1$
#141240
0$
#141260
1$
#141280
0$
#141300
1$
#141320
0$
#141340
1$
#141360
0$
#141380
1$
#141400
0$
#141420
1$
#141440
0$
#141460
1$
#141480
0$
#141500
1$
#141520
0$
#141540
1$
#141560
0$
#141580
1$
#141600
0$
#141620
1$
#141640
0$
#141660
1$
#141680
0$
#141700
1$
#141720
0$
#141740
1$
#141760
0$
#141780
1$
#141800
0$
#141820
1$
#141840
0$
#141860
1$
#141880
0$
#141900
1$
#141920
0$
1%
#141940
b10101001 "
b10101001 .
1$
#141960
0$
0%
#141980
1$
#142000
0$
#142020
1$
#142040
0$
#142060
1$
#142080
0$
#142100
1$
#142120
0$
#142140
1$
#142160
0$
#142180
1$
#142200
0$
#142220
1$
#142240
0$
#142260
1$
#142280
0$
#142300
1$
#142320
0$
#142340
1$
#142360
0$
#142380
1$
#142400
0$
#142420
1$
#142440
0$
#142460
1$
#142480
0$
#142500
1$
#142520
0$
#142540
1$
#142560
0$
#142580
1$
#142600
0$
#142620
1$
#142640
0$
#142660
1$
#142680
0$
#142700
1$
#142720
0$
#142740
1$
#142760
0$
1%
#142780
b10101010 "
b10101010 .
1$
#142800
0$
0%
#142820
1$
#142840
0$
#142860
1$
#142880
0$
#142900
1$
#142920
0$
#142940
1$
#142960
0$
#142980
1$
#143000
0$
#143020
1$
#143040
0$
#143060
1$
#143080
0$
#143100
1$
#143120
0$
#143140
1$
#143160
0$
#143180
1$
#143200
0$
#143220
1$
#143240
0$
#143260
1$
#143280
0$
#143300
1$
#143320
0$
#143340
1$
#143360
0$
#143380
1$
#143400
0$
#143420
1$
#143440
0$
#143460
1$
#143480
0$
#143500
1$
#143520
0$
#143540
1$
#143560
0$
#143580
1$
#143600
0$
1%
#143620
b10101011 "
b10101011 .
1$
#143640
0$
0%
#143660
1$
#143680
0$
#143700
1$
#143720
0$
#143740
1$
#143760
0$
#143780
1$
#143800
0$
#143820
1$
#143840
0$
#143860
1$
#143880
0$
#143900
1$
#143920
0$
#143940
1$
#143960
0$
#143980
1$
#144000
0$
#144020
1$
#144040
0$
#144060
1$
#144080
0$
#144100
1$
#144120
0$
#144140
1$
#144160
0$
#144180
1$
#144200
0$
#144220
1$
#144240
0$
#144260
1$
#144280
0$
#144300
1$
#144320
0$
#144340
1$
#144360
0$
#144380
1$
#144400
0$
#144420
1$
#144440
0$
1%
#144460
b10101100 "
b10101100 .
1$
#144480
0$
0%
#144500
1$
#144520
0$
#144540
1$
#144560
0$
#144580
1$
#144600
0$
#144620
1$
#144640
0$
#144660
1$
#144680
0$
#144700
1$
#144720
0$
#144740
1$
#144760
0$
#144780
1$
#144800
0$
#144820
1$
#144840
0$
#144860
1$
#144880
0$
#144900
1$
#144920
0$
#144940
1$
#144960
0$
#144980
1$
#145000
0$
#145020
1$
#145040
0$
#145060
1$
#145080
0$
#145100
1$
#145120
0$
#145140
1$
#145160
0$
#145180
1$
#145200
0$
#145220
1$
#145240
0$
#145260
1$
#145280
0$
1%
#145300
b10101101 "
b10101101 .
1$
#145320
0$
0%
#145340
1$
#145360
0$
#145380
1$
#145400
0$
#145420
1$
#145440
0$
#145460
1$
#145480
0$
#145500
1$
#145520
0$
#145540
1$
#145560
0$
#145580
1$
#145600
0$
#145620
1$
#145640
0$
#145660
1$
#145680
0$
#145700
1$
#145720
0$
#145740
1$
#145760
0$
#145780
1$
#145800
0$
#145820
1$
#145840
0$
#145860
1$
#145880
0$
#145900
1$
#145920
0$
#145940
1$
#145960
0$
#145980
1$
#146000
0$
#146020
1$
#146040
0$
#146060
1$
#146080
0$
#146100
1$
#146120
0$
1%
#146140
b10101110 "
b10101110 .
1$
#146160
0$
0%
#146180
1$
#146200
0$
#146220
1$
#146240
0$
#146260
1$
#146280
0$
#146300
1$
#146320
0$
#146340
1$
#146360
0$
#146380
1$
#146400
0$
#146420
1$
#146440
0$
#146460
1$
#146480
0$
#146500
1$
#146520
0$
#146540
1$
#146560
0$
#146580
1$
#146600
0$
#146620
1$
#146640
0$
#146660
1$
#146680
0$
#146700
1$
#146720
0$
#146740
1$
#146760
0$
#146780
1$
#146800
0$
#146820
1$
#146840
0$
#146860
1$
#146880
0$
#146900
1$
#146920
0$
#146940
1$
#146960
0$
1%
#146980
b10101111 "
b10101111 .
1$
#147000
0$
0%
#147020
1$
#147040
0$
#147060
1$
#147080
0$
#147100
1$
#147120
0$
#147140
1$
#147160
0$
#147180
1$
#147200
0$
#147220
1$
#147240
0$
#147260
1$
#147280
0$
#147300
1$
#147320
0$
#147340
1$
#147360
0$
#147380
1$
#147400
0$
#147420
1$
#147440
0$
#147460
1$
#147480
0$
#147500
1$
#147520
0$
#147540
1$
#147560
0$
#147580
1$
#147600
0$
#147620
1$
#147640
0$
#147660
1$
#147680
0$
#147700
1$
#147720
0$
#147740
1$
#147760
0$
#147780
1$
#147800
0$
1%
#147820
b10110000 "
b10110000 .
1$
#147840
0$
0%
#147860
1$
#147880
0$
#147900
1$
#147920
0$
#147940
1$
#147960
0$
#147980
1$
#148000
0$
#148020
1$
#148040
0$
#148060
1$
#148080
0$
#148100
1$
#148120
0$
#148140
1$
#148160
0$
#148180
1$
#148200
0$
#148220
1$
#148240
0$
#148260
1$
#148280
0$
#148300
1$
#148320
0$
#148340
1$
#148360
0$
#148380
1$
#148400
0$
#148420
1$
#148440
0$
#148460
1$
#148480
0$
#148500
1$
#148520
0$
#148540
1$
#148560
0$
#148580
1$
#148600
0$
#148620
1$
#148640
0$
1%
#148660
b10110001 "
b10110001 .
1$
#148680
0$
0%
#148700
1$
#148720
0$
#148740
1$
#148760
0$
#148780
1$
#148800
0$
#148820
1$
#148840
0$
#148860
1$
#148880
0$
#148900
1$
#148920
0$
#148940
1$
#148960
0$
#148980
1$
#149000
0$
#149020
1$
#149040
0$
#149060
1$
#149080
0$
#149100
1$
#149120
0$
#149140
1$
#149160
0$
#149180
1$
#149200
0$
#149220
1$
#149240
0$
#149260
1$
#149280
0$
#149300
1$
#149320
0$
#149340
1$
#149360
0$
#149380
1$
#149400
0$
#149420
1$
#149440
0$
#149460
1$
#149480
0$
1%
#149500
b10110010 "
b10110010 .
1$
#149520
0$
0%
#149540
1$
#149560
0$
#149580
1$
#149600
0$
#149620
1$
#149640
0$
#149660
1$
#149680
0$
#149700
1$
#149720
0$
#149740
1$
#149760
0$
#149780
1$
#149800
0$
#149820
1$
#149840
0$
#149860
1$
#149880
0$
#149900
1$
#149920
0$
#149940
1$
#149960
0$
#149980
1$
#150000
0$
#150020
1$
#150040
0$
#150060
1$
#150080
0$
#150100
1$
#150120
0$
#150140
1$
#150160
0$
#150180
1$
#150200
0$
#150220
1$
#150240
0$
#150260
1$
#150280
0$
#150300
1$
#150320
0$
1%
#150340
b10110011 "
b10110011 .
1$
#150360
0$
0%
#150380
1$
#150400
0$
#150420
1$
#150440
0$
#150460
1$
#150480
0$
#150500
1$
#150520
0$
#150540
1$
#150560
0$
#150580
1$
#150600
0$
#150620
1$
#150640
0$
#150660
1$
#150680
0$
#150700
1$
#150720
0$
#150740
1$
#150760
0$
#150780
1$
#150800
0$
#150820
1$
#150840
0$
#150860
1$
#150880
0$
#150900
1$
#150920
0$
#150940
1$
#150960
0$
#150980
1$
#151000
0$
#151020
1$
#151040
0$
#151060
1$
#151080
0$
#151100
1$
#151120
0$
#151140
1$
#151160
0$
1%
#151180
b10110100 "
b10110100 .
1$
#151200
0$
0%
#151220
1$
#151240
0$
#151260
1$
#151280
0$
#151300
1$
#151320
0$
#151340
1$
#151360
0$
#151380
1$
#151400
0$
#151420
1$
#151440
0$
#151460
1$
#151480
0$
#151500
1$
#151520
0$
#151540
1$
#151560
0$
#151580
1$
#151600
0$
#151620
1$
#151640
0$
#151660
1$
#151680
0$
#151700
1$
#151720
0$
#151740
1$
#151760
0$
#151780
1$
#151800
0$
#151820
1$
#151840
0$
#151860
1$
#151880
0$
#151900
1$
#151920
0$
#151940
1$
#151960
0$
#151980
1$
#152000
0$
1%
#152020
b10110101 "
b10110101 .
1$
#152040
0$
0%
#152060
1$
#152080
0$
#152100
1$
#152120
0$
#152140
1$
#152160
0$
#152180
1$
#152200
0$
#152220
1$
#152240
0$
#152260
1$
#152280
0$
#152300
1$
#152320
0$
#152340
1$
#152360
0$
#152380
1$
#152400
0$
#152420
1$
#152440
0$
#152460
1$
#152480
0$
#152500
1$
#152520
0$
#152540
1$
#152560
0$
#152580
1$
#152600
0$
#152620
1$
#152640
0$
#152660
1$
#152680
0$
#152700
1$
#152720
0$
#152740
1$
#152760
0$
#152780
1$
#152800
0$
#152820
1$
#152840
0$
1%
#152860
b10110110 "
b10110110 .
1$
#152880
0$
0%
#152900
1$
#152920
0$
#152940
1$
#152960
0$
#152980
1$
#153000
0$
#153020
1$
#153040
0$
#153060
1$
#153080
0$
#153100
1$
#153120
0$
#153140
1$
#153160
0$
#153180
1$
#153200
0$
#153220
1$
#153240
0$
#153260
1$
#153280
0$
#153300
1$
#153320
0$
#153340
1$
#153360
0$
#153380
1$
#153400
0$
#153420
1$
#153440
0$
#153460
1$
#153480
0$
#153500
1$
#153520
0$
#153540
1$
#153560
0$
#153580
1$
#153600
0$
#153620
1$
#153640
0$
#153660
1$
#153680
0$
1%
#153700
b10110111 "
b10110111 .
1$
#153720
0$
0%
#153740
1$
#153760
0$
#153780
1$
#153800
0$
#153820
1$
#153840
0$
#153860
1$
#153880
0$
#153900
1$
#153920
0$
#153940
1$
#153960
0$
#153980
1$
#154000
0$
#154020
1$
#154040
0$
#154060
1$
#154080
0$
#154100
1$
#154120
0$
#154140
1$
#154160
0$
#154180
1$
#154200
0$
#154220
1$
#154240
0$
#154260
1$
#154280
0$
#154300
1$
#154320
0$
#154340
1$
#154360
0$
#154380
1$
#154400
0$
#154420
1$
#154440
0$
#154460
1$
#154480
0$
#154500
1$
#154520
0$
1%
#154540
b10111000 "
b10111000 .
1$
#154560
0$
0%
#154580
1$
#154600
0$
#154620
1$
#154640
0$
#154660
1$
#154680
0$
#154700
1$
#154720
0$
#154740
1$
#154760
0$
#154780
1$
#154800
0$
#154820
1$
#154840
0$
#154860
1$
#154880
0$
#154900
1$
#154920
0$
#154940
1$
#154960
0$
#154980
1$
#155000
0$
#155020
1$
#155040
0$
#155060
1$
#155080
0$
#155100
1$
#155120
0$
#155140
1$
#155160
0$
#155180
1$
#155200
0$
#155220
1$
#155240
0$
#155260
1$
#155280
0$
#155300
1$
#155320
0$
#155340
1$
#155360
0$
1%
#155380
b10111001 "
b10111001 .
1$
#155400
0$
0%
#155420
1$
#155440
0$
#155460
1$
#155480
0$
#155500
1$
#155520
0$
#155540
1$
#155560
0$
#155580
1$
#155600
0$
#155620
1$
#155640
0$
#155660
1$
#155680
0$
#155700
1$
#155720
0$
#155740
1$
#155760
0$
#155780
1$
#155800
0$
#155820
1$
#155840
0$
#155860
1$
#155880
0$
#155900
1$
#155920
0$
#155940
1$
#155960
0$
#155980
1$
#156000
0$
#156020
1$
#156040
0$
#156060
1$
#156080
0$
#156100
1$
#156120
0$
#156140
1$
#156160
0$
#156180
1$
#156200
0$
1%
#156220
b10111010 "
b10111010 .
1$
#156240
0$
0%
#156260
1$
#156280
0$
#156300
1$
#156320
0$
#156340
1$
#156360
0$
#156380
1$
#156400
0$
#156420
1$
#156440
0$
#156460
1$
#156480
0$
#156500
1$
#156520
0$
#156540
1$
#156560
0$
#156580
1$
#156600
0$
#156620
1$
#156640
0$
#156660
1$
#156680
0$
#156700
1$
#156720
0$
#156740
1$
#156760
0$
#156780
1$
#156800
0$
#156820
1$
#156840
0$
#156860
1$
#156880
0$
#156900
1$
#156920
0$
#156940
1$
#156960
0$
#156980
1$
#157000
0$
#157020
1$
#157040
0$
1%
#157060
b10111011 "
b10111011 .
1$
#157080
0$
0%
#157100
1$
#157120
0$
#157140
1$
#157160
0$
#157180
1$
#157200
0$
#157220
1$
#157240
0$
#157260
1$
#157280
0$
#157300
1$
#157320
0$
#157340
1$
#157360
0$
#157380
1$
#157400
0$
#157420
1$
#157440
0$
#157460
1$
#157480
0$
#157500
1$
#157520
0$
#157540
1$
#157560
0$
#157580
1$
#157600
0$
#157620
1$
#157640
0$
#157660
1$
#157680
0$
#157700
1$
#157720
0$
#157740
1$
#157760
0$
#157780
1$
#157800
0$
#157820
1$
#157840
0$
#157860
1$
#157880
0$
1%
#157900
b10111100 "
b10111100 .
1$
#157920
0$
0%
#157940
1$
#157960
0$
#157980
1$
#158000
0$
#158020
1$
#158040
0$
#158060
1$
#158080
0$
#158100
1$
#158120
0$
#158140
1$
#158160
0$
#158180
1$
#158200
0$
#158220
1$
#158240
0$
#158260
1$
#158280
0$
#158300
1$
#158320
0$
#158340
1$
#158360
0$
#158380
1$
#158400
0$
#158420
1$
#158440
0$
#158460
1$
#158480
0$
#158500
1$
#158520
0$
#158540
1$
#158560
0$
#158580
1$
#158600
0$
#158620
1$
#158640
0$
#158660
1$
#158680
0$
#158700
1$
#158720
0$
1%
#158740
b10111101 "
b10111101 .
1$
#158760
0$
0%
#158780
1$
#158800
0$
#158820
1$
#158840
0$
#158860
1$
#158880
0$
#158900
1$
#158920
0$
#158940
1$
#158960
0$
#158980
1$
#159000
0$
#159020
1$
#159040
0$
#159060
1$
#159080
0$
#159100
1$
#159120
0$
#159140
1$
#159160
0$
#159180
1$
#159200
0$
#159220
1$
#159240
0$
#159260
1$
#159280
0$
#159300
1$
#159320
0$
#159340
1$
#159360
0$
#159380
1$
#159400
0$
#159420
1$
#159440
0$
#159460
1$
#159480
0$
#159500
1$
#159520
0$
#159540
1$
#159560
0$
1%
#159580
b10111110 "
b10111110 .
1$
#159600
0$
0%
#159620
1$
#159640
0$
#159660
1$
#159680
0$
#159700
1$
#159720
0$
#159740
1$
#159760
0$
#159780
1$
#159800
0$
#159820
1$
#159840
0$
#159860
1$
#159880
0$
#159900
1$
#159920
0$
#159940
1$
#159960
0$
#159980
1$
#160000
0$
#160020
1$
#160040
0$
#160060
1$
#160080
0$
#160100
1$
#160120
0$
#160140
1$
#160160
0$
#160180
1$
#160200
0$
#160220
1$
#160240
0$
#160260
1$
#160280
0$
#160300
1$
#160320
0$
#160340
1$
#160360
0$
#160380
1$
#160400
0$
1%
#160420
b10111111 "
b10111111 .
1$
#160440
0$
0%
#160460
1$
#160480
0$
#160500
1$
#160520
0$
#160540
1$
#160560
0$
#160580
1$
#160600
0$
#160620
1$
#160640
0$
#160660
1$
#160680
0$
#160700
1$
#160720
0$
#160740
1$
#160760
0$
#160780
1$
#160800
0$
#160820
1$
#160840
0$
#160860
1$
#160880
0$
#160900
1$
#160920
0$
#160940
1$
#160960
0$
#160980
1$
#161000
0$
#161020
1$
#161040
0$
#161060
1$
#161080
0$
#161100
1$
#161120
0$
#161140
1$
#161160
0$
#161180
1$
#161200
0$
#161220
1$
#161240
0$
1%
#161260
b11000000 "
b11000000 .
1$
#161280
0$
0%
#161300
1$
#161320
0$
#161340
1$
#161360
0$
#161380
1$
#161400
0$
#161420
1$
#161440
0$
#161460
1$
#161480
0$
#161500
1$
#161520
0$
#161540
1$
#161560
0$
#161580
1$
#161600
0$
#161620
1$
#161640
0$
#161660
1$
#161680
0$
#161700
1$
#161720
0$
#161740
1$
#161760
0$
#161780
1$
#161800
0$
#161820
1$
#161840
0$
#161860
1$
#161880
0$
#161900
1$
#161920
0$
#161940
1$
#161960
0$
#161980
1$
#162000
0$
#162020
1$
#162040
0$
#162060
1$
#162080
0$
1%
#162100
b11000001 "
b11000001 .
1$
#162120
0$
0%
#162140
1$
#162160
0$
#162180
1$
#162200
0$
#162220
1$
#162240
0$
#162260
1$
#162280
0$
#162300
1$
#162320
0$
#162340
1$
#162360
0$
#162380
1$
#162400
0$
#162420
1$
#162440
0$
#162460
1$
#162480
0$
#162500
1$
#162520
0$
#162540
1$
#162560
0$
#162580
1$
#162600
0$
#162620
1$
#162640
0$
#162660
1$
#162680
0$
#162700
1$
#162720
0$
#162740
1$
#162760
0$
#162780
1$
#162800
0$
#162820
1$
#162840
0$
#162860
1$
#162880
0$
#162900
1$
#162920
0$
1%
#162940
b11000010 "
b11000010 .
1$
#162960
0$
0%
#162980
1$
#163000
0$
#163020
1$
#163040
0$
#163060
1$
#163080
0$
#163100
1$
#163120
0$
#163140
1$
#163160
0$
#163180
1$
#163200
0$
#163220
1$
#163240
0$
#163260
1$
#163280
0$
#163300
1$
#163320
0$
#163340
1$
#163360
0$
#163380
1$
#163400
0$
#163420
1$
#163440
0$
#163460
1$
#163480
0$
#163500
1$
#163520
0$
#163540
1$
#163560
0$
#163580
1$
#163600
0$
#163620
1$
#163640
0$
#163660
1$
#163680
0$
#163700
1$
#163720
0$
#163740
1$
#163760
0$
1%
#163780
b11000011 "
b11000011 .
1$
#163800
0$
0%
#163820
1$
#163840
0$
#163860
1$
#163880
0$
#163900
1$
#163920
0$
#163940
1$
#163960
0$
#163980
1$
#164000
0$
#164020
1$
#164040
0$
#164060
1$
#164080
0$
#164100
1$
#164120
0$
#164140
1$
#164160
0$
#164180
1$
#164200
0$
#164220
1$
#164240
0$
#164260
1$
#164280
0$
#164300
1$
#164320
0$
#164340
1$
#164360
0$
#164380
1$
#164400
0$
#164420
1$
#164440
0$
#164460
1$
#164480
0$
#164500
1$
#164520
0$
#164540
1$
#164560
0$
#164580
1$
#164600
0$
1%
#164620
b11000100 "
b11000100 .
1$
#164640
0$
0%
#164660
1$
#164680
0$
#164700
1$
#164720
0$
#164740
1$
#164760
0$
#164780
1$
#164800
0$
#164820
1$
#164840
0$
#164860
1$
#164880
0$
#164900
1$
#164920
0$
#164940
1$
#164960
0$
#164980
1$
#165000
0$
#165020
1$
#165040
0$
#165060
1$
#165080
0$
#165100
1$
#165120
0$
#165140
1$
#165160
0$
#165180
1$
#165200
0$
#165220
1$
#165240
0$
#165260
1$
#165280
0$
#165300
1$
#165320
0$
#165340
1$
#165360
0$
#165380
1$
#165400
0$
#165420
1$
#165440
0$
1%
#165460
b11000101 "
b11000101 .
1$
#165480
0$
0%
#165500
1$
#165520
0$
#165540
1$
#165560
0$
#165580
1$
#165600
0$
#165620
1$
#165640
0$
#165660
1$
#165680
0$
#165700
1$
#165720
0$
#165740
1$
#165760
0$
#165780
1$
#165800
0$
#165820
1$
#165840
0$
#165860
1$
#165880
0$
#165900
1$
#165920
0$
#165940
1$
#165960
0$
#165980
1$
#166000
0$
#166020
1$
#166040
0$
#166060
1$
#166080
0$
#166100
1$
#166120
0$
#166140
1$
#166160
0$
#166180
1$
#166200
0$
#166220
1$
#166240
0$
#166260
1$
#166280
0$
1%
#166300
b11000110 "
b11000110 .
1$
#166320
0$
0%
#166340
1$
#166360
0$
#166380
1$
#166400
0$
#166420
1$
#166440
0$
#166460
1$
#166480
0$
#166500
1$
#166520
0$
#166540
1$
#166560
0$
#166580
1$
#166600
0$
#166620
1$
#166640
0$
#166660
1$
#166680
0$
#166700
1$
#166720
0$
#166740
1$
#166760
0$
#166780
1$
#166800
0$
#166820
1$
#166840
0$
#166860
1$
#166880
0$
#166900
1$
#166920
0$
#166940
1$
#166960
0$
#166980
1$
#167000
0$
#167020
1$
#167040
0$
#167060
1$
#167080
0$
#167100
1$
#167120
0$
1%
#167140
b11000111 "
b11000111 .
1$
#167160
0$
0%
#167180
1$
#167200
0$
#167220
1$
#167240
0$
#167260
1$
#167280
0$
#167300
1$
#167320
0$
#167340
1$
#167360
0$
#167380
1$
#167400
0$
#167420
1$
#167440
0$
#167460
1$
#167480
0$
#167500
1$
#167520
0$
#167540
1$
#167560
0$
#167580
1$
#167600
0$
#167620
1$
#167640
0$
#167660
1$
#167680
0$
#167700
1$
#167720
0$
#167740
1$
#167760
0$
#167780
1$
#167800
0$
#167820
1$
#167840
0$
#167860
1$
#167880
0$
#167900
1$
#167920
0$
#167940
1$
#167960
0$
1%
#167980
b11001000 "
b11001000 .
1$
#168000
0$
0%
#168020
1$
#168040
0$
#168060
1$
#168080
0$
#168100
1$
#168120
0$
#168140
1$
#168160
0$
#168180
1$
#168200
0$
#168220
1$
#168240
0$
#168260
1$
#168280
0$
#168300
1$
#168320
0$
#168340
1$
#168360
0$
#168380
1$
#168400
0$
#168420
1$
#168440
0$
#168460
1$
#168480
0$
#168500
1$
#168520
0$
#168540
1$
#168560
0$
#168580
1$
#168600
0$
#168620
1$
#168640
0$
#168660
1$
#168680
0$
#168700
1$
#168720
0$
#168740
1$
#168760
0$
#168780
1$
#168800
0$
1%
#168820
b11001001 "
b11001001 .
1$
#168840
0$
0%
#168860
1$
#168880
0$
#168900
1$
#168920
0$
#168940
1$
#168960
0$
#168980
1$
#169000
0$
#169020
1$
#169040
0$
#169060
1$
#169080
0$
#169100
1$
#169120
0$
#169140
1$
#169160
0$
#169180
1$
#169200
0$
#169220
1$
#169240
0$
#169260
1$
#169280
0$
#169300
1$
#169320
0$
#169340
1$
#169360
0$
#169380
1$
#169400
0$
#169420
1$
#169440
0$
#169460
1$
#169480
0$
#169500
1$
#169520
0$
#169540
1$
#169560
0$
#169580
1$
#169600
0$
#169620
1$
#169640
0$
1%
#169660
b11001010 "
b11001010 .
1$
#169680
0$
0%
#169700
1$
#169720
0$
#169740
1$
#169760
0$
#169780
1$
#169800
0$
#169820
1$
#169840
0$
#169860
1$
#169880
0$
#169900
1$
#169920
0$
#169940
1$
#169960
0$
#169980
1$
#170000
0$
#170020
1$
#170040
0$
#170060
1$
#170080
0$
#170100
1$
#170120
0$
#170140
1$
#170160
0$
#170180
1$
#170200
0$
#170220
1$
#170240
0$
#170260
1$
#170280
0$
#170300
1$
#170320
0$
#170340
1$
#170360
0$
#170380
1$
#170400
0$
#170420
1$
#170440
0$
#170460
1$
#170480
0$
1%
#170500
b11001011 "
b11001011 .
1$
#170520
0$
0%
#170540
1$
#170560
0$
#170580
1$
#170600
0$
#170620
1$
#170640
0$
#170660
1$
#170680
0$
#170700
1$
#170720
0$
#170740
1$
#170760
0$
#170780
1$
#170800
0$
#170820
1$
#170840
0$
#170860
1$
#170880
0$
#170900
1$
#170920
0$
#170940
1$
#170960
0$
#170980
1$
#171000
0$
#171020
1$
#171040
0$
#171060
1$
#171080
0$
#171100
1$
#171120
0$
#171140
1$
#171160
0$
#171180
1$
#171200
0$
#171220
1$
#171240
0$
#171260
1$
#171280
0$
#171300
1$
#171320
0$
1%
#171340
b11001100 "
b11001100 .
1$
#171360
0$
0%
#171380
1$
#171400
0$
#171420
1$
#171440
0$
#171460
1$
#171480
0$
#171500
1$
#171520
0$
#171540
1$
#171560
0$
#171580
1$
#171600
0$
#171620
1$
#171640
0$
#171660
1$
#171680
0$
#171700
1$
#171720
0$
#171740
1$
#171760
0$
#171780
1$
#171800
0$
#171820
1$
#171840
0$
#171860
1$
#171880
0$
#171900
1$
#171920
0$
#171940
1$
#171960
0$
#171980
1$
#172000
0$
#172020
1$
#172040
0$
#172060
1$
#172080
0$
#172100
1$
#172120
0$
#172140
1$
#172160
0$
1%
#172180
b11001101 "
b11001101 .
1$
#172200
0$
0%
#172220
1$
#172240
0$
#172260
1$
#172280
0$
#172300
1$
#172320
0$
#172340
1$
#172360
0$
#172380
1$
#172400
0$
#172420
1$
#172440
0$
#172460
1$
#172480
0$
#172500
1$
#172520
0$
#172540
1$
#172560
0$
#172580
1$
#172600
0$
#172620
1$
#172640
0$
#172660
1$
#172680
0$
#172700
1$
#172720
0$
#172740
1$
#172760
0$
#172780
1$
#172800
0$
#172820
1$
#172840
0$
#172860
1$
#172880
0$
#172900
1$
#172920
0$
#172940
1$
#172960
0$
#172980
1$
#173000
0$
1%
#173020
b11001110 "
b11001110 .
1$
#173040
0$
0%
#173060
1$
#173080
0$
#173100
1$
#173120
0$
#173140
1$
#173160
0$
#173180
1$
#173200
0$
#173220
1$
#173240
0$
#173260
1$
#173280
0$
#173300
1$
#173320
0$
#173340
1$
#173360
0$
#173380
1$
#173400
0$
#173420
1$
#173440
0$
#173460
1$
#173480
0$
#173500
1$
#173520
0$
#173540
1$
#173560
0$
#173580
1$
#173600
0$
#173620
1$
#173640
0$
#173660
1$
#173680
0$
#173700
1$
#173720
0$
#173740
1$
#173760
0$
#173780
1$
#173800
0$
#173820
1$
#173840
0$
1%
#173860
b11001111 "
b11001111 .
1$
#173880
0$
0%
#173900
1$
#173920
0$
#173940
1$
#173960
0$
#173980
1$
#174000
0$
#174020
1$
#174040
0$
#174060
1$
#174080
0$
#174100
1$
#174120
0$
#174140
1$
#174160
0$
#174180
1$
#174200
0$
#174220
1$
#174240
0$
#174260
1$
#174280
0$
#174300
1$
#174320
0$
#174340
1$
#174360
0$
#174380
1$
#174400
0$
#174420
1$
#174440
0$
#174460
1$
#174480
0$
#174500
1$
#174520
0$
#174540
1$
#174560
0$
#174580
1$
#174600
0$
#174620
1$
#174640
0$
#174660
1$
#174680
0$
1%
#174700
b11010000 "
b11010000 .
1$
#174720
0$
0%
#174740
1$
#174760
0$
#174780
1$
#174800
0$
#174820
1$
#174840
0$
#174860
1$
#174880
0$
#174900
1$
#174920
0$
#174940
1$
#174960
0$
#174980
1$
#175000
0$
#175020
1$
#175040
0$
#175060
1$
#175080
0$
#175100
1$
#175120
0$
#175140
1$
#175160
0$
#175180
1$
#175200
0$
#175220
1$
#175240
0$
#175260
1$
#175280
0$
#175300
1$
#175320
0$
#175340
1$
#175360
0$
#175380
1$
#175400
0$
#175420
1$
#175440
0$
#175460
1$
#175480
0$
#175500
1$
#175520
0$
1%
#175540
b11010001 "
b11010001 .
1$
#175560
0$
0%
#175580
1$
#175600
0$
#175620
1$
#175640
0$
#175660
1$
#175680
0$
#175700
1$
#175720
0$
#175740
1$
#175760
0$
#175780
1$
#175800
0$
#175820
1$
#175840
0$
#175860
1$
#175880
0$
#175900
1$
#175920
0$
#175940
1$
#175960
0$
#175980
1$
#176000
0$
#176020
1$
#176040
0$
#176060
1$
#176080
0$
#176100
1$
#176120
0$
#176140
1$
#176160
0$
#176180
1$
#176200
0$
#176220
1$
#176240
0$
#176260
1$
#176280
0$
#176300
1$
#176320
0$
#176340
1$
#176360
0$
1%
#176380
b11010010 "
b11010010 .
1$
#176400
0$
0%
#176420
1$
#176440
0$
#176460
1$
#176480
0$
#176500
1$
#176520
0$
#176540
1$
#176560
0$
#176580
1$
#176600
0$
#176620
1$
#176640
0$
#176660
1$
#176680
0$
#176700
1$
#176720
0$
#176740
1$
#176760
0$
#176780
1$
#176800
0$
#176820
1$
#176840
0$
#176860
1$
#176880
0$
#176900
1$
#176920
0$
#176940
1$
#176960
0$
#176980
1$
#177000
0$
#177020
1$
#177040
0$
#177060
1$
#177080
0$
#177100
1$
#177120
0$
#177140
1$
#177160
0$
#177180
1$
#177200
0$
1%
#177220
b11010011 "
b11010011 .
1$
#177240
0$
0%
#177260
1$
#177280
0$
#177300
1$
#177320
0$
#177340
1$
#177360
0$
#177380
1$
#177400
0$
#177420
1$
#177440
0$
#177460
1$
#177480
0$
#177500
1$
#177520
0$
#177540
1$
#177560
0$
#177580
1$
#177600
0$
#177620
1$
#177640
0$
#177660
1$
#177680
0$
#177700
1$
#177720
0$
#177740
1$
#177760
0$
#177780
1$
#177800
0$
#177820
1$
#177840
0$
#177860
1$
#177880
0$
#177900
1$
#177920
0$
#177940
1$
#177960
0$
#177980
1$
#178000
0$
#178020
1$
#178040
0$
1%
#178060
b11010100 "
b11010100 .
1$
#178080
0$
0%
#178100
1$
#178120
0$
#178140
1$
#178160
0$
#178180
1$
#178200
0$
#178220
1$
#178240
0$
#178260
1$
#178280
0$
#178300
1$
#178320
0$
#178340
1$
#178360
0$
#178380
1$
#178400
0$
#178420
1$
#178440
0$
#178460
1$
#178480
0$
#178500
1$
#178520
0$
#178540
1$
#178560
0$
#178580
1$
#178600
0$
#178620
1$
#178640
0$
#178660
1$
#178680
0$
#178700
1$
#178720
0$
#178740
1$
#178760
0$
#178780
1$
#178800
0$
#178820
1$
#178840
0$
#178860
1$
#178880
0$
1%
#178900
b11010101 "
b11010101 .
1$
#178920
0$
0%
#178940
1$
#178960
0$
#178980
1$
#179000
0$
#179020
1$
#179040
0$
#179060
1$
#179080
0$
#179100
1$
#179120
0$
#179140
1$
#179160
0$
#179180
1$
#179200
0$
#179220
1$
#179240
0$
#179260
1$
#179280
0$
#179300
1$
#179320
0$
#179340
1$
#179360
0$
#179380
1$
#179400
0$
#179420
1$
#179440
0$
#179460
1$
#179480
0$
#179500
1$
#179520
0$
#179540
1$
#179560
0$
#179580
1$
#179600
0$
#179620
1$
#179640
0$
#179660
1$
#179680
0$
#179700
1$
#179720
0$
1%
#179740
b11010110 "
b11010110 .
1$
#179760
0$
0%
#179780
1$
#179800
0$
#179820
1$
#179840
0$
#179860
1$
#179880
0$
#179900
1$
#179920
0$
#179940
1$
#179960
0$
#179980
1$
#180000
0$
#180020
1$
#180040
0$
#180060
1$
#180080
0$
#180100
1$
#180120
0$
#180140
1$
#180160
0$
#180180
1$
#180200
0$
#180220
1$
#180240
0$
#180260
1$
#180280
0$
#180300
1$
#180320
0$
#180340
1$
#180360
0$
#180380
1$
#180400
0$
#180420
1$
#180440
0$
#180460
1$
#180480
0$
#180500
1$
#180520
0$
#180540
1$
#180560
0$
1%
#180580
b11010111 "
b11010111 .
1$
#180600
0$
0%
#180620
1$
#180640
0$
#180660
1$
#180680
0$
#180700
1$
#180720
0$
#180740
1$
#180760
0$
#180780
1$
#180800
0$
#180820
1$
#180840
0$
#180860
1$
#180880
0$
#180900
1$
#180920
0$
#180940
1$
#180960
0$
#180980
1$
#181000
0$
#181020
1$
#181040
0$
#181060
1$
#181080
0$
#181100
1$
#181120
0$
#181140
1$
#181160
0$
#181180
1$
#181200
0$
#181220
1$
#181240
0$
#181260
1$
#181280
0$
#181300
1$
#181320
0$
#181340
1$
#181360
0$
#181380
1$
#181400
0$
1%
#181420
b11011000 "
b11011000 .
1$
#181440
0$
0%
#181460
1$
#181480
0$
#181500
1$
#181520
0$
#181540
1$
#181560
0$
#181580
1$
#181600
0$
#181620
1$
#181640
0$
#181660
1$
#181680
0$
#181700
1$
#181720
0$
#181740
1$
#181760
0$
#181780
1$
#181800
0$
#181820
1$
#181840
0$
#181860
1$
#181880
0$
#181900
1$
#181920
0$
#181940
1$
#181960
0$
#181980
1$
#182000
0$
#182020
1$
#182040
0$
#182060
1$
#182080
0$
#182100
1$
#182120
0$
#182140
1$
#182160
0$
#182180
1$
#182200
0$
#182220
1$
#182240
0$
1%
#182260
b11011001 "
b11011001 .
1$
#182280
0$
0%
#182300
1$
#182320
0$
#182340
1$
#182360
0$
#182380
1$
#182400
0$
#182420
1$
#182440
0$
#182460
1$
#182480
0$
#182500
1$
#182520
0$
#182540
1$
#182560
0$
#182580
1$
#182600
0$
#182620
1$
#182640
0$
#182660
1$
#182680
0$
#182700
1$
#182720
0$
#182740
1$
#182760
0$
#182780
1$
#182800
0$
#182820
1$
#182840
0$
#182860
1$
#182880
0$
#182900
1$
#182920
0$
#182940
1$
#182960
0$
#182980
1$
#183000
0$
#183020
1$
#183040
0$
#183060
1$
#183080
0$
1%
#183100
b11011010 "
b11011010 .
1$
#183120
0$
0%
#183140
1$
#183160
0$
#183180
1$
#183200
0$
#183220
1$
#183240
0$
#183260
1$
#183280
0$
#183300
1$
#183320
0$
#183340
1$
#183360
0$
#183380
1$
#183400
0$
#183420
1$
#183440
0$
#183460
1$
#183480
0$
#183500
1$
#183520
0$
#183540
1$
#183560
0$
#183580
1$
#183600
0$
#183620
1$
#183640
0$
#183660
1$
#183680
0$
#183700
1$
#183720
0$
#183740
1$
#183760
0$
#183780
1$
#183800
0$
#183820
1$
#183840
0$
#183860
1$
#183880
0$
#183900
1$
#183920
0$
1%
#183940
b11011011 "
b11011011 .
1$
#183960
0$
0%
#183980
1$
#184000
0$
#184020
1$
#184040
0$
#184060
1$
#184080
0$
#184100
1$
#184120
0$
#184140
1$
#184160
0$
#184180
1$
#184200
0$
#184220
1$
#184240
0$
#184260
1$
#184280
0$
#184300
1$
#184320
0$
#184340
1$
#184360
0$
#184380
1$
#184400
0$
#184420
1$
#184440
0$
#184460
1$
#184480
0$
#184500
1$
#184520
0$
#184540
1$
#184560
0$
#184580
1$
#184600
0$
#184620
1$
#184640
0$
#184660
1$
#184680
0$
#184700
1$
#184720
0$
#184740
1$
#184760
0$
1%
#184780
b11011100 "
b11011100 .
1$
#184800
0$
0%
#184820
1$
#184840
0$
#184860
1$
#184880
0$
#184900
1$
#184920
0$
#184940
1$
#184960
0$
#184980
1$
#185000
0$
#185020
1$
#185040
0$
#185060
1$
#185080
0$
#185100
1$
#185120
0$
#185140
1$
#185160
0$
#185180
1$
#185200
0$
#185220
1$
#185240
0$
#185260
1$
#185280
0$
#185300
1$
#185320
0$
#185340
1$
#185360
0$
#185380
1$
#185400
0$
#185420
1$
#185440
0$
#185460
1$
#185480
0$
#185500
1$
#185520
0$
#185540
1$
#185560
0$
#185580
1$
#185600
0$
1%
#185620
b11011101 "
b11011101 .
1$
#185640
0$
0%
#185660
1$
#185680
0$
#185700
1$
#185720
0$
#185740
1$
#185760
0$
#185780
1$
#185800
0$
#185820
1$
#185840
0$
#185860
1$
#185880
0$
#185900
1$
#185920
0$
#185940
1$
#185960
0$
#185980
1$
#186000
0$
#186020
1$
#186040
0$
#186060
1$
#186080
0$
#186100
1$
#186120
0$
#186140
1$
#186160
0$
#186180
1$
#186200
0$
#186220
1$
#186240
0$
#186260
1$
#186280
0$
#186300
1$
#186320
0$
#186340
1$
#186360
0$
#186380
1$
#186400
0$
#186420
1$
#186440
0$
1%
#186460
b11011110 "
b11011110 .
1$
#186480
0$
0%
#186500
1$
#186520
0$
#186540
1$
#186560
0$
#186580
1$
#186600
0$
#186620
1$
#186640
0$
#186660
1$
#186680
0$
#186700
1$
#186720
0$
#186740
1$
#186760
0$
#186780
1$
#186800
0$
#186820
1$
#186840
0$
#186860
1$
#186880
0$
#186900
1$
#186920
0$
#186940
1$
#186960
0$
#186980
1$
#187000
0$
#187020
1$
#187040
0$
#187060
1$
#187080
0$
#187100
1$
#187120
0$
#187140
1$
#187160
0$
#187180
1$
#187200
0$
#187220
1$
#187240
0$
#187260
1$
#187280
0$
1%
#187300
b11011111 "
b11011111 .
1$
#187320
0$
0%
#187340
1$
#187360
0$
#187380
1$
#187400
0$
#187420
1$
#187440
0$
#187460
1$
#187480
0$
#187500
1$
#187520
0$
#187540
1$
#187560
0$
#187580
1$
#187600
0$
#187620
1$
#187640
0$
#187660
1$
#187680
0$
#187700
1$
#187720
0$
#187740
1$
#187760
0$
#187780
1$
#187800
0$
#187820
1$
#187840
0$
#187860
1$
#187880
0$
#187900
1$
#187920
0$
#187940
1$
#187960
0$
#187980
1$
#188000
0$
#188020
1$
#188040
0$
#188060
1$
#188080
0$
#188100
1$
#188120
0$
1%
#188140
b11100000 "
b11100000 .
1$
#188160
0$
0%
#188180
1$
#188200
0$
#188220
1$
#188240
0$
#188260
1$
#188280
0$
#188300
1$
#188320
0$
#188340
1$
#188360
0$
#188380
1$
#188400
0$
#188420
1$
#188440
0$
#188460
1$
#188480
0$
#188500
1$
#188520
0$
#188540
1$
#188560
0$
#188580
1$
#188600
0$
#188620
1$
#188640
0$
#188660
1$
#188680
0$
#188700
1$
#188720
0$
#188740
1$
#188760
0$
#188780
1$
#188800
0$
#188820
1$
#188840
0$
#188860
1$
#188880
0$
#188900
1$
#188920
0$
#188940
1$
#188960
0$
1%
#188980
b11100001 "
b11100001 .
1$
#189000
0$
0%
#189020
1$
#189040
0$
#189060
1$
#189080
0$
#189100
1$
#189120
0$
#189140
1$
#189160
0$
#189180
1$
#189200
0$
#189220
1$
#189240
0$
#189260
1$
#189280
0$
#189300
1$
#189320
0$
#189340
1$
#189360
0$
#189380
1$
#189400
0$
#189420
1$
#189440
0$
#189460
1$
#189480
0$
#189500
1$
#189520
0$
#189540
1$
#189560
0$
#189580
1$
#189600
0$
#189620
1$
#189640
0$
#189660
1$
#189680
0$
#189700
1$
#189720
0$
#189740
1$
#189760
0$
#189780
1$
#189800
0$
1%
#189820
b11100010 "
b11100010 .
1$
#189840
0$
0%
#189860
1$
#189880
0$
#189900
1$
#189920
0$
#189940
1$
#189960
0$
#189980
1$
#190000
0$
#190020
1$
#190040
0$
#190060
1$
#190080
0$
#190100
1$
#190120
0$
#190140
1$
#190160
0$
#190180
1$
#190200
0$
#190220
1$
#190240
0$
#190260
1$
#190280
0$
#190300
1$
#190320
0$
#190340
1$
#190360
0$
#190380
1$
#190400
0$
#190420
1$
#190440
0$
#190460
1$
#190480
0$
#190500
1$
#190520
0$
#190540
1$
#190560
0$
#190580
1$
#190600
0$
#190620
1$
#190640
0$
1%
#190660
b11100011 "
b11100011 .
1$
#190680
0$
0%
#190700
1$
#190720
0$
#190740
1$
#190760
0$
#190780
1$
#190800
0$
#190820
1$
#190840
0$
#190860
1$
#190880
0$
#190900
1$
#190920
0$
#190940
1$
#190960
0$
#190980
1$
#191000
0$
#191020
1$
#191040
0$
#191060
1$
#191080
0$
#191100
1$
#191120
0$
#191140
1$
#191160
0$
#191180
1$
#191200
0$
#191220
1$
#191240
0$
#191260
1$
#191280
0$
#191300
1$
#191320
0$
#191340
1$
#191360
0$
#191380
1$
#191400
0$
#191420
1$
#191440
0$
#191460
1$
#191480
0$
1%
#191500
b11100100 "
b11100100 .
1$
#191520
0$
0%
#191540
1$
#191560
0$
#191580
1$
#191600
0$
#191620
1$
#191640
0$
#191660
1$
#191680
0$
#191700
1$
#191720
0$
#191740
1$
#191760
0$
#191780
1$
#191800
0$
#191820
1$
#191840
0$
#191860
1$
#191880
0$
#191900
1$
#191920
0$
#191940
1$
#191960
0$
#191980
1$
#192000
0$
#192020
1$
#192040
0$
#192060
1$
#192080
0$
#192100
1$
#192120
0$
#192140
1$
#192160
0$
#192180
1$
#192200
0$
#192220
1$
#192240
0$
#192260
1$
#192280
0$
#192300
1$
#192320
0$
1%
#192340
b11100101 "
b11100101 .
1$
#192360
0$
0%
#192380
1$
#192400
0$
#192420
1$
#192440
0$
#192460
1$
#192480
0$
#192500
1$
#192520
0$
#192540
1$
#192560
0$
#192580
1$
#192600
0$
#192620
1$
#192640
0$
#192660
1$
#192680
0$
#192700
1$
#192720
0$
#192740
1$
#192760
0$
#192780
1$
#192800
0$
#192820
1$
#192840
0$
#192860
1$
#192880
0$
#192900
1$
#192920
0$
#192940
1$
#192960
0$
#192980
1$
#193000
0$
#193020
1$
#193040
0$
#193060
1$
#193080
0$
#193100
1$
#193120
0$
#193140
1$
#193160
0$
1%
#193180
b11100110 "
b11100110 .
1$
#193200
0$
0%
#193220
1$
#193240
0$
#193260
1$
#193280
0$
#193300
1$
#193320
0$
#193340
1$
#193360
0$
#193380
1$
#193400
0$
#193420
1$
#193440
0$
#193460
1$
#193480
0$
#193500
1$
#193520
0$
#193540
1$
#193560
0$
#193580
1$
#193600
0$
#193620
1$
#193640
0$
#193660
1$
#193680
0$
#193700
1$
#193720
0$
#193740
1$
#193760
0$
#193780
1$
#193800
0$
#193820
1$
#193840
0$
#193860
1$
#193880
0$
#193900
1$
#193920
0$
#193940
1$
#193960
0$
#193980
1$
#194000
0$
1%
#194020
b11100111 "
b11100111 .
1$
#194040
0$
0%
#194060
1$
#194080
0$
#194100
1$
#194120
0$
#194140
1$
#194160
0$
#194180
1$
#194200
0$
#194220
1$
#194240
0$
#194260
1$
#194280
0$
#194300
1$
#194320
0$
#194340
1$
#194360
0$
#194380
1$
#194400
0$
#194420
1$
#194440
0$
#194460
1$
#194480
0$
#194500
1$
#194520
0$
#194540
1$
#194560
0$
#194580
1$
#194600
0$
#194620
1$
#194640
0$
#194660
1$
#194680
0$
#194700
1$
#194720
0$
#194740
1$
#194760
0$
#194780
1$
#194800
0$
#194820
1$
#194840
0$
1%
#194860
b11101000 "
b11101000 .
1$
#194880
0$
0%
#194900
1$
#194920
0$
#194940
1$
#194960
0$
#194980
1$
#195000
0$
#195020
1$
#195040
0$
#195060
1$
#195080
0$
#195100
1$
#195120
0$
#195140
1$
#195160
0$
#195180
1$
#195200
0$
#195220
1$
#195240
0$
#195260
1$
#195280
0$
#195300
1$
#195320
0$
#195340
1$
#195360
0$
#195380
1$
#195400
0$
#195420
1$
#195440
0$
#195460
1$
#195480
0$
#195500
1$
#195520
0$
#195540
1$
#195560
0$
#195580
1$
#195600
0$
#195620
1$
#195640
0$
#195660
1$
#195680
0$
1%
#195700
b11101001 "
b11101001 .
1$
#195720
0$
0%
#195740
1$
#195760
0$
#195780
1$
#195800
0$
#195820
1$
#195840
0$
#195860
1$
#195880
0$
#195900
1$
#195920
0$
#195940
1$
#195960
0$
#195980
1$
#196000
0$
#196020
1$
#196040
0$
#196060
1$
#196080
0$
#196100
1$
#196120
0$
#196140
1$
#196160
0$
#196180
1$
#196200
0$
#196220
1$
#196240
0$
#196260
1$
#196280
0$
#196300
1$
#196320
0$
#196340
1$
#196360
0$
#196380
1$
#196400
0$
#196420
1$
#196440
0$
#196460
1$
#196480
0$
#196500
1$
#196520
0$
1%
#196540
b11101010 "
b11101010 .
1$
#196560
0$
0%
#196580
1$
#196600
0$
#196620
1$
#196640
0$
#196660
1$
#196680
0$
#196700
1$
#196720
0$
#196740
1$
#196760
0$
#196780
1$
#196800
0$
#196820
1$
#196840
0$
#196860
1$
#196880
0$
#196900
1$
#196920
0$
#196940
1$
#196960
0$
#196980
1$
#197000
0$
#197020
1$
#197040
0$
#197060
1$
#197080
0$
#197100
1$
#197120
0$
#197140
1$
#197160
0$
#197180
1$
#197200
0$
#197220
1$
#197240
0$
#197260
1$
#197280
0$
#197300
1$
#197320
0$
#197340
1$
#197360
0$
1%
#197380
b11101011 "
b11101011 .
1$
#197400
0$
0%
#197420
1$
#197440
0$
#197460
1$
#197480
0$
#197500
1$
#197520
0$
#197540
1$
#197560
0$
#197580
1$
#197600
0$
#197620
1$
#197640
0$
#197660
1$
#197680
0$
#197700
1$
#197720
0$
#197740
1$
#197760
0$
#197780
1$
#197800
0$
#197820
1$
#197840
0$
#197860
1$
#197880
0$
#197900
1$
#197920
0$
#197940
1$
#197960
0$
#197980
1$
#198000
0$
#198020
1$
#198040
0$
#198060
1$
#198080
0$
#198100
1$
#198120
0$
#198140
1$
#198160
0$
#198180
1$
#198200
0$
1%
#198220
b11101100 "
b11101100 .
1$
#198240
0$
0%
#198260
1$
#198280
0$
#198300
1$
#198320
0$
#198340
1$
#198360
0$
#198380
1$
#198400
0$
#198420
1$
#198440
0$
#198460
1$
#198480
0$
#198500
1$
#198520
0$
#198540
1$
#198560
0$
#198580
1$
#198600
0$
#198620
1$
#198640
0$
#198660
1$
#198680
0$
#198700
1$
#198720
0$
#198740
1$
#198760
0$
#198780
1$
#198800
0$
#198820
1$
#198840
0$
#198860
1$
#198880
0$
#198900
1$
#198920
0$
#198940
1$
#198960
0$
#198980
1$
#199000
0$
#199020
1$
#199040
0$
1%
#199060
b11101101 "
b11101101 .
1$
#199080
0$
0%
#199100
1$
#199120
0$
#199140
1$
#199160
0$
#199180
1$
#199200
0$
#199220
1$
#199240
0$
#199260
1$
#199280
0$
#199300
1$
#199320
0$
#199340
1$
#199360
0$
#199380
1$
#199400
0$
#199420
1$
#199440
0$
#199460
1$
#199480
0$
#199500
1$
#199520
0$
#199540
1$
#199560
0$
#199580
1$
#199600
0$
#199620
1$
#199640
0$
#199660
1$
#199680
0$
#199700
1$
#199720
0$
#199740
1$
#199760
0$
#199780
1$
#199800
0$
#199820
1$
#199840
0$
#199860
1$
#199880
0$
1%
#199900
b11101110 "
b11101110 .
1$
#199920
0$
0%
#199940
1$
#199960
0$
#199980
1$
#200000
0$
#200020
1$
#200040
0$
#200060
1$
#200080
0$
#200100
1$
#200120
0$
#200140
1$
#200160
0$
#200180
1$
#200200
0$
#200220
1$
#200240
0$
#200260
1$
#200280
0$
#200300
1$
#200320
0$
#200340
1$
#200360
0$
#200380
1$
#200400
0$
#200420
1$
#200440
0$
#200460
1$
#200480
0$
#200500
1$
#200520
0$
#200540
1$
#200560
0$
#200580
1$
#200600
0$
#200620
1$
#200640
0$
#200660
1$
#200680
0$
#200700
1$
#200720
0$
1%
#200740
b11101111 "
b11101111 .
1$
#200760
0$
0%
#200780
1$
#200800
0$
#200820
1$
#200840
0$
#200860
1$
#200880
0$
#200900
1$
#200920
0$
#200940
1$
#200960
0$
#200980
1$
#201000
0$
#201020
1$
#201040
0$
#201060
1$
#201080
0$
#201100
1$
#201120
0$
#201140
1$
#201160
0$
#201180
1$
#201200
0$
#201220
1$
#201240
0$
#201260
1$
#201280
0$
#201300
1$
#201320
0$
#201340
1$
#201360
0$
#201380
1$
#201400
0$
#201420
1$
#201440
0$
#201460
1$
#201480
0$
#201500
1$
#201520
0$
#201540
1$
#201560
0$
1%
#201580
b11110000 "
b11110000 .
1$
#201600
0$
0%
#201620
1$
#201640
0$
#201660
1$
#201680
0$
#201700
1$
#201720
0$
#201740
1$
#201760
0$
#201780
1$
#201800
0$
#201820
1$
#201840
0$
#201860
1$
#201880
0$
#201900
1$
#201920
0$
#201940
1$
#201960
0$
#201980
1$
#202000
0$
#202020
1$
#202040
0$
#202060
1$
#202080
0$
#202100
1$
#202120
0$
#202140
1$
#202160
0$
#202180
1$
#202200
0$
#202220
1$
#202240
0$
#202260
1$
#202280
0$
#202300
1$
#202320
0$
#202340
1$
#202360
0$
#202380
1$
#202400
0$
1%
#202420
b11110001 "
b11110001 .
1$
#202440
0$
0%
#202460
1$
#202480
0$
#202500
1$
#202520
0$
#202540
1$
#202560
0$
#202580
1$
#202600
0$
#202620
1$
#202640
0$
#202660
1$
#202680
0$
#202700
1$
#202720
0$
#202740
1$
#202760
0$
#202780
1$
#202800
0$
#202820
1$
#202840
0$
#202860
1$
#202880
0$
#202900
1$
#202920
0$
#202940
1$
#202960
0$
#202980
1$
#203000
0$
#203020
1$
#203040
0$
#203060
1$
#203080
0$
#203100
1$
#203120
0$
#203140
1$
#203160
0$
#203180
1$
#203200
0$
#203220
1$
#203240
0$
1%
#203260
b11110010 "
b11110010 .
1$
#203280
0$
0%
#203300
1$
#203320
0$
#203340
1$
#203360
0$
#203380
1$
#203400
0$
#203420
1$
#203440
0$
#203460
1$
#203480
0$
#203500
1$
#203520
0$
#203540
1$
#203560
0$
#203580
1$
#203600
0$
#203620
1$
#203640
0$
#203660
1$
#203680
0$
#203700
1$
#203720
0$
#203740
1$
#203760
0$
#203780
1$
#203800
0$
#203820
1$
#203840
0$
#203860
1$
#203880
0$
#203900
1$
#203920
0$
#203940
1$
#203960
0$
#203980
1$
#204000
0$
#204020
1$
#204040
0$
#204060
1$
#204080
0$
1%
#204100
b11110011 "
b11110011 .
1$
#204120
0$
0%
#204140
1$
#204160
0$
#204180
1$
#204200
0$
#204220
1$
#204240
0$
#204260
1$
#204280
0$
#204300
1$
#204320
0$
#204340
1$
#204360
0$
#204380
1$
#204400
0$
#204420
1$
#204440
0$
#204460
1$
#204480
0$
#204500
1$
#204520
0$
#204540
1$
#204560
0$
#204580
1$
#204600
0$
#204620
1$
#204640
0$
#204660
1$
#204680
0$
#204700
1$
#204720
0$
#204740
1$
#204760
0$
#204780
1$
#204800
0$
#204820
1$
#204840
0$
#204860
1$
#204880
0$
#204900
1$
#204920
0$
1%
#204940
b11110100 "
b11110100 .
1$
#204960
0$
0%
#204980
1$
#205000
0$
#205020
1$
#205040
0$
#205060
1$
#205080
0$
#205100
1$
#205120
0$
#205140
1$
#205160
0$
#205180
1$
#205200
0$
#205220
1$
#205240
0$
#205260
1$
#205280
0$
#205300
1$
#205320
0$
#205340
1$
#205360
0$
#205380
1$
#205400
0$
#205420
1$
#205440
0$
#205460
1$
#205480
0$
#205500
1$
#205520
0$
#205540
1$
#205560
0$
#205580
1$
#205600
0$
#205620
1$
#205640
0$
#205660
1$
#205680
0$
#205700
1$
#205720
0$
#205740
1$
#205760
0$
1%
#205780
b11110101 "
b11110101 .
1$
#205800
0$
0%
#205820
1$
#205840
0$
#205860
1$
#205880
0$
#205900
1$
#205920
0$
#205940
1$
#205960
0$
#205980
1$
#206000
0$
#206020
1$
#206040
0$
#206060
1$
#206080
0$
#206100
1$
#206120
0$
#206140
1$
#206160
0$
#206180
1$
#206200
0$
#206220
1$
#206240
0$
#206260
1$
#206280
0$
#206300
1$
#206320
0$
#206340
1$
#206360
0$
#206380
1$
#206400
0$
#206420
1$
#206440
0$
#206460
1$
#206480
0$
#206500
1$
#206520
0$
#206540
1$
#206560
0$
#206580
1$
#206600
0$
1%
#206620
b11110110 "
b11110110 .
1$
#206640
0$
0%
#206660
1$
#206680
0$
#206700
1$
#206720
0$
#206740
1$
#206760
0$
#206780
1$
#206800
0$
#206820
1$
#206840
0$
#206860
1$
#206880
0$
#206900
1$
#206920
0$
#206940
1$
#206960
0$
#206980
1$
#207000
0$
#207020
1$
#207040
0$
#207060
1$
#207080
0$
#207100
1$
#207120
0$
#207140
1$
#207160
0$
#207180
1$
#207200
0$
#207220
1$
#207240
0$
#207260
1$
#207280
0$
#207300
1$
#207320
0$
#207340
1$
#207360
0$
#207380
1$
#207400
0$
#207420
1$
#207440
0$
1%
#207460
b11110111 "
b11110111 .
1$
#207480
0$
0%
#207500
1$
#207520
0$
#207540
1$
#207560
0$
#207580
1$
#207600
0$
#207620
1$
#207640
0$
#207660
1$
#207680
0$
#207700
1$
#207720
0$
#207740
1$
#207760
0$
#207780
1$
#207800
0$
#207820
1$
#207840
0$
#207860
1$
#207880
0$
#207900
1$
#207920
0$
#207940
1$
#207960
0$
#207980
1$
#208000
0$
#208020
1$
#208040
0$
#208060
1$
#208080
0$
#208100
1$
#208120
0$
#208140
1$
#208160
0$
#208180
1$
#208200
0$
#208220
1$
#208240
0$
#208260
1$
#208280
0$
1%
#208300
b11111000 "
b11111000 .
1$
#208320
0$
0%
#208340
1$
#208360
0$
#208380
1$
#208400
0$
#208420
1$
#208440
0$
#208460
1$
#208480
0$
#208500
1$
#208520
0$
#208540
1$
#208560
0$
#208580
1$
#208600
0$
#208620
1$
#208640
0$
#208660
1$
#208680
0$
#208700
1$
#208720
0$
#208740
1$
#208760
0$
#208780
1$
#208800
0$
#208820
1$
#208840
0$
#208860
1$
#208880
0$
#208900
1$
#208920
0$
#208940
1$
#208960
0$
#208980
1$
#209000
0$
#209020
1$
#209040
0$
#209060
1$
#209080
0$
#209100
1$
#209120
0$
1%
#209140
b11111001 "
b11111001 .
1$
#209160
0$
0%
#209180
1$
#209200
0$
#209220
1$
#209240
0$
#209260
1$
#209280
0$
#209300
1$
#209320
0$
#209340
1$
#209360
0$
#209380
1$
#209400
0$
#209420
1$
#209440
0$
#209460
1$
#209480
0$
#209500
1$
#209520
0$
#209540
1$
#209560
0$
#209580
1$
#209600
0$
#209620
1$
#209640
0$
#209660
1$
#209680
0$
#209700
1$
#209720
0$
#209740
1$
#209760
0$
#209780
1$
#209800
0$
#209820
1$
#209840
0$
#209860
1$
#209880
0$
#209900
1$
#209920
0$
#209940
1$
#209960
0$
1%
#209980
b11111010 "
b11111010 .
1$
#210000
0$
0%
#210020
1$
#210040
0$
#210060
1$
#210080
0$
#210100
1$
#210120
0$
#210140
1$
#210160
0$
#210180
1$
#210200
0$
#210220
1$
#210240
0$
#210260
1$
#210280
0$
#210300
1$
#210320
0$
#210340
1$
#210360
0$
#210380
1$
#210400
0$
#210420
1$
#210440
0$
#210460
1$
#210480
0$
#210500
1$
#210520
0$
#210540
1$
#210560
0$
#210580
1$
#210600
0$
#210620
1$
#210640
0$
#210660
1$
#210680
0$
#210700
1$
#210720
0$
#210740
1$
#210760
0$
#210780
1$
#210800
0$
1%
#210820
b11111011 "
b11111011 .
1$
#210840
0$
0%
#210860
1$
#210880
0$
#210900
1$
#210920
0$
#210940
1$
#210960
0$
#210980
1$
#211000
0$
#211020
1$
#211040
0$
#211060
1$
#211080
0$
#211100
1$
#211120
0$
#211140
1$
#211160
0$
#211180
1$
#211200
0$
#211220
1$
#211240
0$
#211260
1$
#211280
0$
#211300
1$
#211320
0$
#211340
1$
#211360
0$
#211380
1$
#211400
0$
#211420
1$
#211440
0$
#211460
1$
#211480
0$
#211500
1$
#211520
0$
#211540
1$
#211560
0$
#211580
1$
#211600
0$
#211620
1$
#211640
0$
1%
#211660
b11111100 "
b11111100 .
1$
#211680
0$
0%
#211700
1$
#211720
0$
#211740
1$
#211760
0$
#211780
1$
#211800
0$
#211820
1$
#211840
0$
#211860
1$
#211880
0$
#211900
1$
#211920
0$
#211940
1$
#211960
0$
#211980
1$
#212000
0$
#212020
1$
#212040
0$
#212060
1$
#212080
0$
#212100
1$
#212120
0$
#212140
1$
#212160
0$
#212180
1$
#212200
0$
#212220
1$
#212240
0$
#212260
1$
#212280
0$
#212300
1$
#212320
0$
#212340
1$
#212360
0$
#212380
1$
#212400
0$
#212420
1$
#212440
0$
#212460
1$
#212480
0$
1%
#212500
b11111101 "
b11111101 .
1$
#212520
0$
0%
#212540
1$
#212560
0$
#212580
1$
#212600
0$
#212620
1$
#212640
0$
#212660
1$
#212680
0$
#212700
1$
#212720
0$
#212740
1$
#212760
0$
#212780
1$
#212800
0$
#212820
1$
#212840
0$
#212860
1$
#212880
0$
#212900
1$
#212920
0$
#212940
1$
#212960
0$
#212980
1$
#213000
0$
#213020
1$
#213040
0$
#213060
1$
#213080
0$
#213100
1$
#213120
0$
#213140
1$
#213160
0$
#213180
1$
#213200
0$
#213220
1$
#213240
0$
#213260
1$
#213280
0$
#213300
1$
#213320
0$
1%
#213340
b11111110 "
b11111110 .
1$
#213360
0$
0%
#213380
1$
#213400
0$
#213420
1$
#213440
0$
#213460
1$
#213480
0$
#213500
1$
#213520
0$
#213540
1$
#213560
0$
#213580
1$
#213600
0$
#213620
1$
#213640
0$
#213660
1$
#213680
0$
#213700
1$
#213720
0$
#213740
1$
#213760
0$
#213780
1$
#213800
0$
#213820
1$
#213840
0$
#213860
1$
#213880
0$
#213900
1$
#213920
0$
#213940
1$
#213960
0$
#213980
1$
#214000
0$
#214020
1$
#214040
0$
#214060
1$
#214080
0$
#214100
1$
#214120
0$
#214140
1$
#214160
0$
1%
#214180
b11111111 "
b11111111 .
1$
#214200
0$
0%
#214220
1$
#214240
0$
#214260
1$
#214280
0$
#214300
1$
#214320
0$
#214340
1$
#214360
0$
#214380
1$
#214400
0$
#214420
1$
#214440
0$
#214460
1$
#214480
0$
#214500
1$
#214520
0$
#214540
1$
#214560
0$
#214580
1$
#214600
0$
#214620
1$
#214640
0$
#214660
1$
#214680
0$
#214700
1$
#214720
0$
#214740
1$
#214760
0$
#214780
1$
#214800
0$
#214820
1$
#214840
0$
#214860
1$
#214880
0$
#214900
1$
#214920
0$
#214940
1$
#214960
0$
#214980
1$
#215000
0$
1%
#215020
b100000000 "
b100000000 .
1$
#215040
0$
0%
#215060
1$
#215080
0$
#215100
1$
#215120
0$
#215140
1$
#215160
0$
#215180
1$
#215200
0$
#215220
1$
#215240
0$
#215260
1$
#215280
0$
#215300
1$
#215320
0$
#215340
1$
#215360
0$
#215380
1$
#215400
0$
#215420
1$
#215440
0$
#215460
1$
#215480
0$
#215500
1$
#215520
0$
#215540
1$
#215560
0$
#215580
1$
#215600
0$
#215620
1$
#215640
0$
#215660
1$
#215680
0$
#215700
1$
#215720
0$
#215740
1$
#215760
0$
#215780
1$
#215800
0$
#215820
1$
#215840
0$
1%
#215860
b100000001 "
b100000001 .
1$
#215880
0$
0%
#215900
1$
#215920
0$
#215940
1$
#215960
0$
#215980
1$
#216000
0$
#216020
1$
#216040
0$
#216060
1$
#216080
0$
#216100
1$
#216120
0$
#216140
1$
#216160
0$
#216180
1$
#216200
0$
#216220
1$
#216240
0$
#216260
1$
#216280
0$
#216300
1$
#216320
0$
#216340
1$
#216360
0$
#216380
1$
#216400
0$
#216420
1$
#216440
0$
#216460
1$
#216480
0$
#216500
1$
#216520
0$
#216540
1$
#216560
0$
#216580
1$
#216600
0$
#216620
1$
#216640
0$
#216660
1$
#216680
0$
1%
#216700
b100000010 "
b100000010 .
1$
#216720
0$
0%
#216740
1$
#216760
0$
#216780
1$
#216800
0$
#216820
1$
#216840
0$
#216860
1$
#216880
0$
#216900
1$
#216920
0$
#216940
1$
#216960
0$
#216980
1$
#217000
0$
#217020
1$
#217040
0$
#217060
1$
#217080
0$
#217100
1$
#217120
0$
#217140
1$
#217160
0$
#217180
1$
#217200
0$
#217220
1$
#217240
0$
#217260
1$
#217280
0$
#217300
1$
#217320
0$
#217340
1$
#217360
0$
#217380
1$
#217400
0$
#217420
1$
#217440
0$
#217460
1$
#217480
0$
#217500
1$
#217520
0$
1%
#217540
b100000011 "
b100000011 .
1$
#217560
0$
0%
#217580
1$
#217600
0$
#217620
1$
#217640
0$
#217660
1$
#217680
0$
#217700
1$
#217720
0$
#217740
1$
#217760
0$
#217780
1$
#217800
0$
#217820
1$
#217840
0$
#217860
1$
#217880
0$
#217900
1$
#217920
0$
#217940
1$
#217960
0$
#217980
1$
#218000
0$
#218020
1$
#218040
0$
#218060
1$
#218080
0$
#218100
1$
#218120
0$
#218140
1$
#218160
0$
#218180
1$
#218200
0$
#218220
1$
#218240
0$
#218260
1$
#218280
0$
#218300
1$
#218320
0$
#218340
1$
#218360
0$
1%
#218380
b100000100 "
b100000100 .
1$
#218400
0$
0%
#218420
1$
#218440
0$
#218460
1$
#218480
0$
#218500
1$
#218520
0$
#218540
1$
#218560
0$
#218580
1$
#218600
0$
#218620
1$
#218640
0$
#218660
1$
#218680
0$
#218700
1$
#218720
0$
#218740
1$
#218760
0$
#218780
1$
#218800
0$
#218820
1$
#218840
0$
#218860
1$
#218880
0$
#218900
1$
#218920
0$
#218940
1$
#218960
0$
#218980
1$
#219000
0$
#219020
1$
#219040
0$
#219060
1$
#219080
0$
#219100
1$
#219120
0$
#219140
1$
#219160
0$
#219180
1$
#219200
0$
1%
#219220
b100000101 "
b100000101 .
1$
#219240
0$
0%
#219260
1$
#219280
0$
#219300
1$
#219320
0$
#219340
1$
#219360
0$
#219380
1$
#219400
0$
#219420
1$
#219440
0$
#219460
1$
#219480
0$
#219500
1$
#219520
0$
#219540
1$
#219560
0$
#219580
1$
#219600
0$
#219620
1$
#219640
0$
#219660
1$
#219680
0$
#219700
1$
#219720
0$
#219740
1$
#219760
0$
#219780
1$
#219800
0$
#219820
1$
#219840
0$
#219860
1$
#219880
0$
#219900
1$
#219920
0$
#219940
1$
#219960
0$
#219980
1$
#220000
0$
#220020
1$
#220040
0$
1%
#220060
b100000110 "
b100000110 .
1$
#220080
0$
0%
#220100
1$
#220120
0$
#220140
1$
#220160
0$
#220180
1$
#220200
0$
#220220
1$
#220240
0$
#220260
1$
#220280
0$
#220300
1$
#220320
0$
#220340
1$
#220360
0$
#220380
1$
#220400
0$
#220420
1$
#220440
0$
#220460
1$
#220480
0$
#220500
1$
#220520
0$
#220540
1$
#220560
0$
#220580
1$
#220600
0$
#220620
1$
#220640
0$
#220660
1$
#220680
0$
#220700
1$
#220720
0$
#220740
1$
#220760
0$
#220780
1$
#220800
0$
#220820
1$
#220840
0$
#220860
1$
#220880
0$
1%
#220900
b100000111 "
b100000111 .
1$
#220920
0$
0%
#220940
1$
#220960
0$
#220980
1$
#221000
0$
#221020
1$
#221040
0$
#221060
1$
#221080
0$
#221100
1$
#221120
0$
#221140
1$
#221160
0$
#221180
1$
#221200
0$
#221220
1$
#221240
0$
#221260
1$
#221280
0$
#221300
1$
#221320
0$
#221340
1$
#221360
0$
#221380
1$
#221400
0$
#221420
1$
#221440
0$
#221460
1$
#221480
0$
#221500
1$
#221520
0$
#221540
1$
#221560
0$
#221580
1$
#221600
0$
#221620
1$
#221640
0$
#221660
1$
#221680
0$
#221700
1$
#221720
0$
1%
#221740
b100001000 "
b100001000 .
1$
#221760
0$
0%
#221780
1$
#221800
0$
#221820
1$
#221840
0$
#221860
1$
#221880
0$
#221900
1$
#221920
0$
#221940
1$
#221960
0$
#221980
1$
#222000
0$
#222020
1$
#222040
0$
#222060
1$
#222080
0$
#222100
1$
#222120
0$
#222140
1$
#222160
0$
#222180
1$
#222200
0$
#222220
1$
#222240
0$
#222260
1$
#222280
0$
#222300
1$
#222320
0$
#222340
1$
#222360
0$
#222380
1$
#222400
0$
#222420
1$
#222440
0$
#222460
1$
#222480
0$
#222500
1$
#222520
0$
#222540
1$
#222560
0$
1%
#222580
b100001001 "
b100001001 .
1$
#222600
0$
0%
#222620
1$
#222640
0$
#222660
1$
#222680
0$
#222700
1$
#222720
0$
#222740
1$
#222760
0$
#222780
1$
#222800
0$
#222820
1$
#222840
0$
#222860
1$
#222880
0$
#222900
1$
#222920
0$
#222940
1$
#222960
0$
#222980
1$
#223000
0$
#223020
1$
#223040
0$
#223060
1$
#223080
0$
#223100
1$
#223120
0$
#223140
1$
#223160
0$
#223180
1$
#223200
0$
#223220
1$
#223240
0$
#223260
1$
#223280
0$
#223300
1$
#223320
0$
#223340
1$
#223360
0$
#223380
1$
#223400
0$
1%
#223420
b100001010 "
b100001010 .
1$
#223440
0$
0%
#223460
1$
#223480
0$
#223500
1$
#223520
0$
#223540
1$
#223560
0$
#223580
1$
#223600
0$
#223620
1$
#223640
0$
#223660
1$
#223680
0$
#223700
1$
#223720
0$
#223740
1$
#223760
0$
#223780
1$
#223800
0$
#223820
1$
#223840
0$
#223860
1$
#223880
0$
#223900
1$
#223920
0$
#223940
1$
#223960
0$
#223980
1$
#224000
0$
#224020
1$
#224040
0$
#224060
1$
#224080
0$
#224100
1$
#224120
0$
#224140
1$
#224160
0$
#224180
1$
#224200
0$
#224220
1$
#224240
0$
1%
#224260
b100001011 "
b100001011 .
1$
#224280
0$
0%
#224300
1$
#224320
0$
#224340
1$
#224360
0$
#224380
1$
#224400
0$
#224420
1$
#224440
0$
#224460
1$
#224480
0$
#224500
1$
#224520
0$
#224540
1$
#224560
0$
#224580
1$
#224600
0$
#224620
1$
#224640
0$
#224660
1$
#224680
0$
#224700
1$
#224720
0$
#224740
1$
#224760
0$
#224780
1$
#224800
0$
#224820
1$
#224840
0$
#224860
1$
#224880
0$
#224900
1$
#224920
0$
#224940
1$
#224960
0$
#224980
1$
#225000
0$
#225020
1$
#225040
0$
#225060
1$
#225080
0$
1%
#225100
b100001100 "
b100001100 .
1$
#225120
0$
0%
#225140
1$
#225160
0$
#225180
1$
#225200
0$
#225220
1$
#225240
0$
#225260
1$
#225280
0$
#225300
1$
#225320
0$
#225340
1$
#225360
0$
#225380
1$
#225400
0$
#225420
1$
#225440
0$
#225460
1$
#225480
0$
#225500
1$
#225520
0$
#225540
1$
#225560
0$
#225580
1$
#225600
0$
#225620
1$
#225640
0$
#225660
1$
#225680
0$
#225700
1$
#225720
0$
#225740
1$
#225760
0$
#225780
1$
#225800
0$
#225820
1$
#225840
0$
#225860
1$
#225880
0$
#225900
1$
#225920
0$
1%
#225940
b100001101 "
b100001101 .
1$
#225960
0$
0%
#225980
1$
#226000
0$
#226020
1$
#226040
0$
#226060
1$
#226080
0$
#226100
1$
#226120
0$
#226140
1$
#226160
0$
#226180
1$
#226200
0$
#226220
1$
#226240
0$
#226260
1$
#226280
0$
#226300
1$
#226320
0$
#226340
1$
#226360
0$
#226380
1$
#226400
0$
#226420
1$
#226440
0$
#226460
1$
#226480
0$
#226500
1$
#226520
0$
#226540
1$
#226560
0$
#226580
1$
#226600
0$
#226620
1$
#226640
0$
#226660
1$
#226680
0$
#226700
1$
#226720
0$
#226740
1$
#226760
0$
1%
#226780
b100001110 "
b100001110 .
1$
#226800
0$
0%
#226820
1$
#226840
0$
#226860
1$
#226880
0$
#226900
1$
#226920
0$
#226940
1$
#226960
0$
#226980
1$
#227000
0$
#227020
1$
#227040
0$
#227060
1$
#227080
0$
#227100
1$
#227120
0$
#227140
1$
#227160
0$
#227180
1$
#227200
0$
#227220
1$
#227240
0$
#227260
1$
#227280
0$
#227300
1$
#227320
0$
#227340
1$
#227360
0$
#227380
1$
#227400
0$
#227420
1$
#227440
0$
#227460
1$
#227480
0$
#227500
1$
#227520
0$
#227540
1$
#227560
0$
#227580
1$
#227600
0$
1%
#227620
b100001111 "
b100001111 .
1$
#227640
0$
0%
#227660
1$
#227680
0$
#227700
1$
#227720
0$
#227740
1$
#227760
0$
#227780
1$
#227800
0$
#227820
1$
#227840
0$
#227860
1$
#227880
0$
#227900
1$
#227920
0$
#227940
1$
#227960
0$
#227980
1$
#228000
0$
#228020
1$
#228040
0$
#228060
1$
#228080
0$
#228100
1$
#228120
0$
#228140
1$
#228160
0$
#228180
1$
#228200
0$
#228220
1$
#228240
0$
#228260
1$
#228280
0$
#228300
1$
#228320
0$
#228340
1$
#228360
0$
#228380
1$
#228400
0$
#228420
1$
#228440
0$
1%
#228460
b100010000 "
b100010000 .
1$
#228480
0$
0%
#228500
1$
#228520
0$
#228540
1$
#228560
0$
#228580
1$
#228600
0$
#228620
1$
#228640
0$
#228660
1$
#228680
0$
#228700
1$
#228720
0$
#228740
1$
#228760
0$
#228780
1$
#228800
0$
#228820
1$
#228840
0$
#228860
1$
#228880
0$
#228900
1$
#228920
0$
#228940
1$
#228960
0$
#228980
1$
#229000
0$
#229020
1$
#229040
0$
#229060
1$
#229080
0$
#229100
1$
#229120
0$
#229140
1$
#229160
0$
#229180
1$
#229200
0$
#229220
1$
#229240
0$
#229260
1$
#229280
0$
1%
#229300
b100010001 "
b100010001 .
1$
#229320
0$
0%
#229340
1$
#229360
0$
#229380
1$
#229400
0$
#229420
1$
#229440
0$
#229460
1$
#229480
0$
#229500
1$
#229520
0$
#229540
1$
#229560
0$
#229580
1$
#229600
0$
#229620
1$
#229640
0$
#229660
1$
#229680
0$
#229700
1$
#229720
0$
#229740
1$
#229760
0$
#229780
1$
#229800
0$
#229820
1$
#229840
0$
#229860
1$
#229880
0$
#229900
1$
#229920
0$
#229940
1$
#229960
0$
#229980
1$
#230000
0$
#230020
1$
#230040
0$
#230060
1$
#230080
0$
#230100
1$
#230120
0$
1%
#230140
b100010010 "
b100010010 .
1$
#230160
0$
0%
#230180
1$
#230200
0$
#230220
1$
#230240
0$
#230260
1$
#230280
0$
#230300
1$
#230320
0$
#230340
1$
#230360
0$
#230380
1$
#230400
0$
#230420
1$
#230440
0$
#230460
1$
#230480
0$
#230500
1$
#230520
0$
#230540
1$
#230560
0$
#230580
1$
#230600
0$
#230620
1$
#230640
0$
#230660
1$
#230680
0$
#230700
1$
#230720
0$
#230740
1$
#230760
0$
#230780
1$
#230800
0$
#230820
1$
#230840
0$
#230860
1$
#230880
0$
#230900
1$
#230920
0$
#230940
1$
#230960
0$
1%
#230980
b100010011 "
b100010011 .
1$
#231000
0$
0%
#231020
1$
#231040
0$
#231060
1$
#231080
0$
#231100
1$
#231120
0$
#231140
1$
#231160
0$
#231180
1$
#231200
0$
#231220
1$
#231240
0$
#231260
1$
#231280
0$
#231300
1$
#231320
0$
#231340
1$
#231360
0$
#231380
1$
#231400
0$
#231420
1$
#231440
0$
#231460
1$
#231480
0$
#231500
1$
#231520
0$
#231540
1$
#231560
0$
#231580
1$
#231600
0$
#231620
1$
#231640
0$
#231660
1$
#231680
0$
#231700
1$
#231720
0$
#231740
1$
#231760
0$
#231780
1$
#231800
0$
1%
#231820
b100010100 "
b100010100 .
1$
#231840
0$
0%
#231860
1$
#231880
0$
#231900
1$
#231920
0$
#231940
1$
#231960
0$
#231980
1$
#232000
0$
#232020
1$
#232040
0$
#232060
1$
#232080
0$
#232100
1$
#232120
0$
#232140
1$
#232160
0$
#232180
1$
#232200
0$
#232220
1$
#232240
0$
#232260
1$
#232280
0$
#232300
1$
#232320
0$
#232340
1$
#232360
0$
#232380
1$
#232400
0$
#232420
1$
#232440
0$
#232460
1$
#232480
0$
#232500
1$
#232520
0$
#232540
1$
#232560
0$
#232580
1$
#232600
0$
#232620
1$
#232640
0$
1%
#232660
b100010101 "
b100010101 .
1$
#232680
0$
0%
#232700
1$
#232720
0$
#232740
1$
#232760
0$
#232780
1$
#232800
0$
#232820
1$
#232840
0$
#232860
1$
#232880
0$
#232900
1$
#232920
0$
#232940
1$
#232960
0$
#232980
1$
#233000
0$
#233020
1$
#233040
0$
#233060
1$
#233080
0$
#233100
1$
#233120
0$
#233140
1$
#233160
0$
#233180
1$
#233200
0$
#233220
1$
#233240
0$
#233260
1$
#233280
0$
#233300
1$
#233320
0$
#233340
1$
#233360
0$
#233380
1$
#233400
0$
#233420
1$
#233440
0$
#233460
1$
#233480
0$
1%
#233500
b100010110 "
b100010110 .
1$
#233520
0$
0%
#233540
1$
#233560
0$
#233580
1$
#233600
0$
#233620
1$
#233640
0$
#233660
1$
#233680
0$
#233700
1$
#233720
0$
#233740
1$
#233760
0$
#233780
1$
#233800
0$
#233820
1$
#233840
0$
#233860
1$
#233880
0$
#233900
1$
#233920
0$
#233940
1$
#233960
0$
#233980
1$
#234000
0$
#234020
1$
#234040
0$
#234060
1$
#234080
0$
#234100
1$
#234120
0$
#234140
1$
#234160
0$
#234180
1$
#234200
0$
#234220
1$
#234240
0$
#234260
1$
#234280
0$
#234300
1$
#234320
0$
1%
#234340
b100010111 "
b100010111 .
1$
#234360
0$
0%
#234380
1$
#234400
0$
#234420
1$
#234440
0$
#234460
1$
#234480
0$
#234500
1$
#234520
0$
#234540
1$
#234560
0$
#234580
1$
#234600
0$
#234620
1$
#234640
0$
#234660
1$
#234680
0$
#234700
1$
#234720
0$
#234740
1$
#234760
0$
#234780
1$
#234800
0$
#234820
1$
#234840
0$
#234860
1$
#234880
0$
#234900
1$
#234920
0$
#234940
1$
#234960
0$
#234980
1$
#235000
0$
#235020
1$
#235040
0$
#235060
1$
#235080
0$
#235100
1$
#235120
0$
#235140
1$
#235160
0$
1%
#235180
b100011000 "
b100011000 .
1$
#235200
0$
0%
#235220
1$
#235240
0$
#235260
1$
#235280
0$
#235300
1$
#235320
0$
#235340
1$
#235360
0$
#235380
1$
#235400
0$
#235420
1$
#235440
0$
#235460
1$
#235480
0$
#235500
1$
#235520
0$
#235540
1$
#235560
0$
#235580
1$
#235600
0$
#235620
1$
#235640
0$
#235660
1$
#235680
0$
#235700
1$
#235720
0$
#235740
1$
#235760
0$
#235780
1$
#235800
0$
#235820
1$
#235840
0$
#235860
1$
#235880
0$
#235900
1$
#235920
0$
#235940
1$
#235960
0$
#235980
1$
#236000
0$
1%
#236020
b100011001 "
b100011001 .
1$
#236040
0$
0%
#236060
1$
#236080
0$
#236100
1$
#236120
0$
#236140
1$
#236160
0$
#236180
1$
#236200
0$
#236220
1$
#236240
0$
#236260
1$
#236280
0$
#236300
1$
#236320
0$
#236340
1$
#236360
0$
#236380
1$
#236400
0$
#236420
1$
#236440
0$
#236460
1$
#236480
0$
#236500
1$
#236520
0$
#236540
1$
#236560
0$
#236580
1$
#236600
0$
#236620
1$
#236640
0$
#236660
1$
#236680
0$
#236700
1$
#236720
0$
#236740
1$
#236760
0$
#236780
1$
#236800
0$
#236820
1$
#236840
0$
1%
#236860
b100011010 "
b100011010 .
1$
#236880
0$
0%
#236900
1$
#236920
0$
#236940
1$
#236960
0$
#236980
1$
#237000
0$
#237020
1$
#237040
0$
#237060
1$
#237080
0$
#237100
1$
#237120
0$
#237140
1$
#237160
0$
#237180
1$
#237200
0$
#237220
1$
#237240
0$
#237260
1$
#237280
0$
#237300
1$
#237320
0$
#237340
1$
#237360
0$
#237380
1$
#237400
0$
#237420
1$
#237440
0$
#237460
1$
#237480
0$
#237500
1$
#237520
0$
#237540
1$
#237560
0$
#237580
1$
#237600
0$
#237620
1$
#237640
0$
#237660
1$
#237680
0$
1%
#237700
b100011011 "
b100011011 .
1$
#237720
0$
0%
#237740
1$
#237760
0$
#237780
1$
#237800
0$
#237820
1$
#237840
0$
#237860
1$
#237880
0$
#237900
1$
#237920
0$
#237940
1$
#237960
0$
#237980
1$
#238000
0$
#238020
1$
#238040
0$
#238060
1$
#238080
0$
#238100
1$
#238120
0$
#238140
1$
#238160
0$
#238180
1$
#238200
0$
#238220
1$
#238240
0$
#238260
1$
#238280
0$
#238300
1$
#238320
0$
#238340
1$
#238360
0$
#238380
1$
#238400
0$
#238420
1$
#238440
0$
#238460
1$
#238480
0$
#238500
1$
#238520
0$
1%
#238540
b100011100 "
b100011100 .
1$
#238560
0$
0%
#238580
1$
#238600
0$
#238620
1$
#238640
0$
#238660
1$
#238680
0$
#238700
1$
#238720
0$
#238740
1$
#238760
0$
#238780
1$
#238800
0$
#238820
1$
#238840
0$
#238860
1$
#238880
0$
#238900
1$
#238920
0$
#238940
1$
#238960
0$
#238980
1$
#239000
0$
#239020
1$
#239040
0$
#239060
1$
#239080
0$
#239100
1$
#239120
0$
#239140
1$
#239160
0$
#239180
1$
#239200
0$
#239220
1$
#239240
0$
#239260
1$
#239280
0$
#239300
1$
#239320
0$
#239340
1$
#239360
0$
1%
#239380
b100011101 "
b100011101 .
1$
#239400
0$
0%
#239420
1$
#239440
0$
#239460
1$
#239480
0$
#239500
1$
#239520
0$
#239540
1$
#239560
0$
#239580
1$
#239600
0$
#239620
1$
#239640
0$
#239660
1$
#239680
0$
#239700
1$
#239720
0$
#239740
1$
#239760
0$
#239780
1$
#239800
0$
#239820
1$
#239840
0$
#239860
1$
#239880
0$
#239900
1$
#239920
0$
#239940
1$
#239960
0$
#239980
1$
#240000
0$
#240020
1$
#240040
0$
#240060
1$
#240080
0$
#240100
1$
#240120
0$
#240140
1$
#240160
0$
#240180
1$
#240200
0$
1%
#240220
b100011110 "
b100011110 .
1$
#240240
0$
0%
#240260
1$
#240280
0$
#240300
1$
#240320
0$
#240340
1$
#240360
0$
#240380
1$
#240400
0$
#240420
1$
#240440
0$
#240460
1$
#240480
0$
#240500
1$
#240520
0$
#240540
1$
#240560
0$
#240580
1$
#240600
0$
#240620
1$
#240640
0$
#240660
1$
#240680
0$
#240700
1$
#240720
0$
#240740
1$
#240760
0$
#240780
1$
#240800
0$
#240820
1$
#240840
0$
#240860
1$
#240880
0$
#240900
1$
#240920
0$
#240940
1$
#240960
0$
#240980
1$
#241000
0$
#241020
1$
#241040
0$
1%
#241060
b100011111 "
b100011111 .
1$
#241080
0$
0%
#241100
1$
#241120
0$
#241140
1$
#241160
0$
#241180
1$
#241200
0$
#241220
1$
#241240
0$
#241260
1$
#241280
0$
#241300
1$
#241320
0$
#241340
1$
#241360
0$
#241380
1$
#241400
0$
#241420
1$
#241440
0$
#241460
1$
#241480
0$
#241500
1$
#241520
0$
#241540
1$
#241560
0$
#241580
1$
#241600
0$
#241620
1$
#241640
0$
#241660
1$
#241680
0$
#241700
1$
#241720
0$
#241740
1$
#241760
0$
#241780
1$
#241800
0$
#241820
1$
#241840
0$
#241860
1$
#241880
0$
1%
#241900
b100100000 "
b100100000 .
1$
#241920
0$
0%
#241940
1$
#241960
0$
#241980
1$
#242000
0$
#242020
1$
#242040
0$
#242060
1$
#242080
0$
#242100
1$
#242120
0$
#242140
1$
#242160
0$
#242180
1$
#242200
0$
#242220
1$
#242240
0$
#242260
1$
#242280
0$
#242300
1$
#242320
0$
#242340
1$
#242360
0$
#242380
1$
#242400
0$
#242420
1$
#242440
0$
#242460
1$
#242480
0$
#242500
1$
#242520
0$
#242540
1$
#242560
0$
#242580
1$
#242600
0$
#242620
1$
#242640
0$
#242660
1$
#242680
0$
#242700
1$
#242720
0$
1%
#242740
b100100001 "
b100100001 .
1$
#242760
0$
0%
#242780
1$
#242800
0$
#242820
1$
#242840
0$
#242860
1$
#242880
0$
#242900
1$
#242920
0$
#242940
1$
#242960
0$
#242980
1$
#243000
0$
#243020
1$
#243040
0$
#243060
1$
#243080
0$
#243100
1$
#243120
0$
#243140
1$
#243160
0$
#243180
1$
#243200
0$
#243220
1$
#243240
0$
#243260
1$
#243280
0$
#243300
1$
#243320
0$
#243340
1$
#243360
0$
#243380
1$
#243400
0$
#243420
1$
#243440
0$
#243460
1$
#243480
0$
#243500
1$
#243520
0$
#243540
1$
#243560
0$
1%
#243580
b100100010 "
b100100010 .
1$
#243600
0$
0%
#243620
1$
#243640
0$
#243660
1$
#243680
0$
#243700
1$
#243720
0$
#243740
1$
#243760
0$
#243780
1$
#243800
0$
#243820
1$
#243840
0$
#243860
1$
#243880
0$
#243900
1$
#243920
0$
#243940
1$
#243960
0$
#243980
1$
#244000
0$
#244020
1$
#244040
0$
#244060
1$
#244080
0$
#244100
1$
#244120
0$
#244140
1$
#244160
0$
#244180
1$
#244200
0$
#244220
1$
#244240
0$
#244260
1$
#244280
0$
#244300
1$
#244320
0$
#244340
1$
#244360
0$
#244380
1$
#244400
0$
1%
#244420
b100100011 "
b100100011 .
1$
#244440
0$
0%
#244460
1$
#244480
0$
#244500
1$
#244520
0$
#244540
1$
#244560
0$
#244580
1$
#244600
0$
#244620
1$
#244640
0$
#244660
1$
#244680
0$
#244700
1$
#244720
0$
#244740
1$
#244760
0$
#244780
1$
#244800
0$
#244820
1$
#244840
0$
#244860
1$
#244880
0$
#244900
1$
#244920
0$
#244940
1$
#244960
0$
#244980
1$
#245000
0$
#245020
1$
#245040
0$
#245060
1$
#245080
0$
#245100
1$
#245120
0$
#245140
1$
#245160
0$
#245180
1$
#245200
0$
#245220
1$
#245240
0$
1%
#245260
b100100100 "
b100100100 .
1$
#245280
0$
0%
#245300
1$
#245320
0$
#245340
1$
#245360
0$
#245380
1$
#245400
0$
#245420
1$
#245440
0$
#245460
1$
#245480
0$
#245500
1$
#245520
0$
#245540
1$
#245560
0$
#245580
1$
#245600
0$
#245620
1$
#245640
0$
#245660
1$
#245680
0$
#245700
1$
#245720
0$
#245740
1$
#245760
0$
#245780
1$
#245800
0$
#245820
1$
#245840
0$
#245860
1$
#245880
0$
#245900
1$
#245920
0$
#245940
1$
#245960
0$
#245980
1$
#246000
0$
#246020
1$
#246040
0$
#246060
1$
#246080
0$
1%
#246100
b100100101 "
b100100101 .
1$
#246120
0$
0%
#246140
1$
#246160
0$
#246180
1$
#246200
0$
#246220
1$
#246240
0$
#246260
1$
#246280
0$
#246300
1$
#246320
0$
#246340
1$
#246360
0$
#246380
1$
#246400
0$
#246420
1$
#246440
0$
#246460
1$
#246480
0$
#246500
1$
#246520
0$
#246540
1$
#246560
0$
#246580
1$
#246600
0$
#246620
1$
#246640
0$
#246660
1$
#246680
0$
#246700
1$
#246720
0$
#246740
1$
#246760
0$
#246780
1$
#246800
0$
#246820
1$
#246840
0$
#246860
1$
#246880
0$
#246900
1$
#246920
0$
1%
#246940
b100100110 "
b100100110 .
1$
#246960
0$
0%
#246980
1$
#247000
0$
#247020
1$
#247040
0$
#247060
1$
#247080
0$
#247100
1$
#247120
0$
#247140
1$
#247160
0$
#247180
1$
#247200
0$
#247220
1$
#247240
0$
#247260
1$
#247280
0$
#247300
1$
#247320
0$
#247340
1$
#247360
0$
#247380
1$
#247400
0$
#247420
1$
#247440
0$
#247460
1$
#247480
0$
#247500
1$
#247520
0$
#247540
1$
#247560
0$
#247580
1$
#247600
0$
#247620
1$
#247640
0$
#247660
1$
#247680
0$
#247700
1$
#247720
0$
#247740
1$
#247760
0$
1%
#247780
b100100111 "
b100100111 .
1$
#247800
0$
0%
#247820
1$
#247840
0$
#247860
1$
#247880
0$
#247900
1$
#247920
0$
#247940
1$
#247960
0$
#247980
1$
#248000
0$
#248020
1$
#248040
0$
#248060
1$
#248080
0$
#248100
1$
#248120
0$
#248140
1$
#248160
0$
#248180
1$
#248200
0$
#248220
1$
#248240
0$
#248260
1$
#248280
0$
#248300
1$
#248320
0$
#248340
1$
#248360
0$
#248380
1$
#248400
0$
#248420
1$
#248440
0$
#248460
1$
#248480
0$
#248500
1$
#248520
0$
#248540
1$
#248560
0$
#248580
1$
#248600
0$
1%
#248620
b100101000 "
b100101000 .
1$
#248640
0$
0%
#248660
1$
#248680
0$
#248700
1$
#248720
0$
#248740
1$
#248760
0$
#248780
1$
#248800
0$
#248820
1$
#248840
0$
#248860
1$
#248880
0$
#248900
1$
#248920
0$
#248940
1$
#248960
0$
#248980
1$
#249000
0$
#249020
1$
#249040
0$
#249060
1$
#249080
0$
#249100
1$
#249120
0$
#249140
1$
#249160
0$
#249180
1$
#249200
0$
#249220
1$
#249240
0$
#249260
1$
#249280
0$
#249300
1$
#249320
0$
#249340
1$
#249360
0$
#249380
1$
#249400
0$
#249420
1$
#249440
0$
1%
#249460
b100101001 "
b100101001 .
1$
#249480
0$
0%
#249500
1$
#249520
0$
#249540
1$
#249560
0$
#249580
1$
#249600
0$
#249620
1$
#249640
0$
#249660
1$
#249680
0$
#249700
1$
#249720
0$
#249740
1$
#249760
0$
#249780
1$
#249800
0$
#249820
1$
#249840
0$
#249860
1$
#249880
0$
#249900
1$
#249920
0$
#249940
1$
#249960
0$
#249980
1$
#250000
0$
#250020
1$
#250040
0$
#250060
1$
#250080
0$
#250100
1$
#250120
0$
#250140
1$
#250160
0$
#250180
1$
#250200
0$
#250220
1$
#250240
0$
#250260
1$
#250280
0$
1%
#250300
b100101010 "
b100101010 .
1$
#250320
0$
0%
#250340
1$
#250360
0$
#250380
1$
#250400
0$
#250420
1$
#250440
0$
#250460
1$
#250480
0$
#250500
1$
#250520
0$
#250540
1$
#250560
0$
#250580
1$
#250600
0$
#250620
1$
#250640
0$
#250660
1$
#250680
0$
#250700
1$
#250720
0$
#250740
1$
#250760
0$
#250780
1$
#250800
0$
#250820
1$
#250840
0$
#250860
1$
#250880
0$
#250900
1$
#250920
0$
#250940
1$
#250960
0$
#250980
1$
#251000
0$
#251020
1$
#251040
0$
#251060
1$
#251080
0$
#251100
1$
#251120
0$
1%
#251140
b100101011 "
b100101011 .
1$
#251160
0$
0%
#251180
1$
#251200
0$
#251220
1$
#251240
0$
#251260
1$
#251280
0$
#251300
1$
#251320
0$
#251340
1$
#251360
0$
#251380
1$
#251400
0$
#251420
1$
#251440
0$
#251460
1$
#251480
0$
#251500
1$
#251520
0$
#251540
1$
#251560
0$
#251580
1$
#251600
0$
#251620
1$
#251640
0$
#251660
1$
#251680
0$
#251700
1$
#251720
0$
#251740
1$
#251760
0$
#251780
1$
#251800
0$
#251820
1$
#251840
0$
#251860
1$
#251880
0$
#251900
1$
#251920
0$
#251940
1$
#251960
0$
1%
#251980
b100101100 "
b100101100 .
1$
#252000
0$
0%
#252020
1$
#252040
0$
#252060
1$
#252080
0$
#252100
1$
#252120
0$
#252140
1$
#252160
0$
#252180
1$
#252200
0$
#252220
1$
#252240
0$
#252260
1$
#252280
0$
#252300
1$
#252320
0$
#252340
1$
#252360
0$
#252380
1$
#252400
0$
#252420
1$
#252440
0$
#252460
1$
#252480
0$
#252500
1$
#252520
0$
#252540
1$
#252560
0$
#252580
1$
#252600
0$
#252620
1$
#252640
0$
#252660
1$
#252680
0$
#252700
1$
#252720
0$
#252740
1$
#252760
0$
#252780
1$
#252800
0$
1%
#252820
b100101101 "
b100101101 .
1$
#252840
0$
0%
#252860
1$
#252880
0$
#252900
1$
#252920
0$
#252940
1$
#252960
0$
#252980
1$
#253000
0$
#253020
1$
#253040
0$
#253060
1$
#253080
0$
#253100
1$
#253120
0$
#253140
1$
#253160
0$
#253180
1$
#253200
0$
#253220
1$
#253240
0$
#253260
1$
#253280
0$
#253300
1$
#253320
0$
#253340
1$
#253360
0$
#253380
1$
#253400
0$
#253420
1$
#253440
0$
#253460
1$
#253480
0$
#253500
1$
#253520
0$
#253540
1$
#253560
0$
#253580
1$
#253600
0$
#253620
1$
#253640
0$
1%
#253660
b100101110 "
b100101110 .
1$
#253680
0$
0%
#253700
1$
#253720
0$
#253740
1$
#253760
0$
#253780
1$
#253800
0$
#253820
1$
#253840
0$
#253860
1$
#253880
0$
#253900
1$
#253920
0$
#253940
1$
#253960
0$
#253980
1$
#254000
0$
#254020
1$
#254040
0$
#254060
1$
#254080
0$
#254100
1$
#254120
0$
#254140
1$
#254160
0$
#254180
1$
#254200
0$
#254220
1$
#254240
0$
#254260
1$
#254280
0$
#254300
1$
#254320
0$
#254340
1$
#254360
0$
#254380
1$
#254400
0$
#254420
1$
#254440
0$
#254460
1$
#254480
0$
1%
#254500
b100101111 "
b100101111 .
1$
#254520
0$
0%
#254540
1$
#254560
0$
#254580
1$
#254600
0$
#254620
1$
#254640
0$
#254660
1$
#254680
0$
#254700
1$
#254720
0$
#254740
1$
#254760
0$
#254780
1$
#254800
0$
#254820
1$
#254840
0$
#254860
1$
#254880
0$
#254900
1$
#254920
0$
#254940
1$
#254960
0$
#254980
1$
#255000
0$
#255020
1$
#255040
0$
#255060
1$
#255080
0$
#255100
1$
#255120
0$
#255140
1$
#255160
0$
#255180
1$
#255200
0$
#255220
1$
#255240
0$
#255260
1$
#255280
0$
#255300
1$
#255320
0$
1%
#255340
b100110000 "
b100110000 .
1$
#255360
0$
0%
#255380
1$
#255400
0$
#255420
1$
#255440
0$
#255460
1$
#255480
0$
#255500
1$
#255520
0$
#255540
1$
#255560
0$
#255580
1$
#255600
0$
#255620
1$
#255640
0$
#255660
1$
#255680
0$
#255700
1$
#255720
0$
#255740
1$
#255760
0$
#255780
1$
#255800
0$
#255820
1$
#255840
0$
#255860
1$
#255880
0$
#255900
1$
#255920
0$
#255940
1$
#255960
0$
#255980
1$
#256000
0$
#256020
1$
#256040
0$
#256060
1$
#256080
0$
#256100
1$
#256120
0$
#256140
1$
#256160
0$
1%
#256180
b100110001 "
b100110001 .
1$
#256200
0$
0%
#256220
1$
#256240
0$
#256260
1$
#256280
0$
#256300
1$
#256320
0$
#256340
1$
#256360
0$
#256380
1$
#256400
0$
#256420
1$
#256440
0$
#256460
1$
#256480
0$
#256500
1$
#256520
0$
#256540
1$
#256560
0$
#256580
1$
#256600
0$
#256620
1$
#256640
0$
#256660
1$
#256680
0$
#256700
1$
#256720
0$
#256740
1$
#256760
0$
#256780
1$
#256800
0$
#256820
1$
#256840
0$
#256860
1$
#256880
0$
#256900
1$
#256920
0$
#256940
1$
#256960
0$
#256980
1$
#257000
0$
1%
#257020
b100110010 "
b100110010 .
1$
#257040
0$
0%
#257060
1$
#257080
0$
#257100
1$
#257120
0$
#257140
1$
#257160
0$
#257180
1$
#257200
0$
#257220
1$
#257240
0$
#257260
1$
#257280
0$
#257300
1$
#257320
0$
#257340
1$
#257360
0$
#257380
1$
#257400
0$
#257420
1$
#257440
0$
#257460
1$
#257480
0$
#257500
1$
#257520
0$
#257540
1$
#257560
0$
#257580
1$
#257600
0$
#257620
1$
#257640
0$
#257660
1$
#257680
0$
#257700
1$
#257720
0$
#257740
1$
#257760
0$
#257780
1$
#257800
0$
#257820
1$
#257840
0$
1%
#257860
b100110011 "
b100110011 .
1$
#257880
0$
0%
#257900
1$
#257920
0$
#257940
1$
#257960
0$
#257980
1$
#258000
0$
#258020
1$
#258040
0$
#258060
1$
#258080
0$
#258100
1$
#258120
0$
#258140
1$
#258160
0$
#258180
1$
#258200
0$
#258220
1$
#258240
0$
#258260
1$
#258280
0$
#258300
1$
#258320
0$
#258340
1$
#258360
0$
#258380
1$
#258400
0$
#258420
1$
#258440
0$
#258460
1$
#258480
0$
#258500
1$
#258520
0$
#258540
1$
#258560
0$
#258580
1$
#258600
0$
#258620
1$
#258640
0$
#258660
1$
#258680
0$
1%
#258700
b100110100 "
b100110100 .
1$
#258720
0$
0%
#258740
1$
#258760
0$
#258780
1$
#258800
0$
#258820
1$
#258840
0$
#258860
1$
#258880
0$
#258900
1$
#258920
0$
#258940
1$
#258960
0$
#258980
1$
#259000
0$
#259020
1$
#259040
0$
#259060
1$
#259080
0$
#259100
1$
#259120
0$
#259140
1$
#259160
0$
#259180
1$
#259200
0$
#259220
1$
#259240
0$
#259260
1$
#259280
0$
#259300
1$
#259320
0$
#259340
1$
#259360
0$
#259380
1$
#259400
0$
#259420
1$
#259440
0$
#259460
1$
#259480
0$
#259500
1$
#259520
0$
1%
#259540
b100110101 "
b100110101 .
1$
#259560
0$
0%
#259580
1$
#259600
0$
#259620
1$
#259640
0$
#259660
1$
#259680
0$
#259700
1$
#259720
0$
#259740
1$
#259760
0$
#259780
1$
#259800
0$
#259820
1$
#259840
0$
#259860
1$
#259880
0$
#259900
1$
#259920
0$
#259940
1$
#259960
0$
#259980
1$
#260000
0$
#260020
1$
#260040
0$
#260060
1$
#260080
0$
#260100
1$
#260120
0$
#260140
1$
#260160
0$
#260180
1$
#260200
0$
#260220
1$
#260240
0$
#260260
1$
#260280
0$
#260300
1$
#260320
0$
#260340
1$
#260360
0$
1%
#260380
b100110110 "
b100110110 .
1$
#260400
0$
0%
#260420
1$
#260440
0$
#260460
1$
#260480
0$
#260500
1$
#260520
0$
#260540
1$
#260560
0$
#260580
1$
#260600
0$
#260620
1$
#260640
0$
#260660
1$
#260680
0$
#260700
1$
#260720
0$
#260740
1$
#260760
0$
#260780
1$
#260800
0$
#260820
1$
#260840
0$
#260860
1$
#260880
0$
#260900
1$
#260920
0$
#260940
1$
#260960
0$
#260980
1$
#261000
0$
#261020
1$
#261040
0$
#261060
1$
#261080
0$
#261100
1$
#261120
0$
#261140
1$
#261160
0$
#261180
1$
#261200
0$
1%
#261220
b100110111 "
b100110111 .
1$
#261240
0$
0%
#261260
1$
#261280
0$
#261300
1$
#261320
0$
#261340
1$
#261360
0$
#261380
1$
#261400
0$
#261420
1$
#261440
0$
#261460
1$
#261480
0$
#261500
1$
#261520
0$
#261540
1$
#261560
0$
#261580
1$
#261600
0$
#261620
1$
#261640
0$
#261660
1$
#261680
0$
#261700
1$
#261720
0$
#261740
1$
#261760
0$
#261780
1$
#261800
0$
#261820
1$
#261840
0$
#261860
1$
#261880
0$
#261900
1$
#261920
0$
#261940
1$
#261960
0$
#261980
1$
#262000
0$
#262020
1$
#262040
0$
1%
#262060
b100111000 "
b100111000 .
1$
#262080
0$
0%
#262100
1$
#262120
0$
#262140
1$
#262160
0$
#262180
1$
#262200
0$
#262220
1$
#262240
0$
#262260
1$
#262280
0$
#262300
1$
#262320
0$
#262340
1$
#262360
0$
#262380
1$
#262400
0$
#262420
1$
#262440
0$
#262460
1$
#262480
0$
#262500
1$
#262520
0$
#262540
1$
#262560
0$
#262580
1$
#262600
0$
#262620
1$
#262640
0$
#262660
1$
#262680
0$
#262700
1$
#262720
0$
#262740
1$
#262760
0$
#262780
1$
#262800
0$
#262820
1$
#262840
0$
#262860
1$
#262880
0$
1%
#262900
b100111001 "
b100111001 .
1$
#262920
0$
0%
#262940
1$
#262960
0$
#262980
1$
#263000
0$
#263020
1$
#263040
0$
#263060
1$
#263080
0$
#263100
1$
#263120
0$
#263140
1$
#263160
0$
#263180
1$
#263200
0$
#263220
1$
#263240
0$
#263260
1$
#263280
0$
#263300
1$
#263320
0$
#263340
1$
#263360
0$
#263380
1$
#263400
0$
#263420
1$
#263440
0$
#263460
1$
#263480
0$
#263500
1$
#263520
0$
#263540
1$
#263560
0$
#263580
1$
#263600
0$
#263620
1$
#263640
0$
#263660
1$
#263680
0$
#263700
1$
#263720
0$
1%
#263740
b100111010 "
b100111010 .
1$
#263760
0$
0%
#263780
1$
#263800
0$
#263820
1$
#263840
0$
#263860
1$
#263880
0$
#263900
1$
#263920
0$
#263940
1$
#263960
0$
#263980
1$
#264000
0$
#264020
1$
#264040
0$
#264060
1$
#264080
0$
#264100
1$
#264120
0$
#264140
1$
#264160
0$
#264180
1$
#264200
0$
#264220
1$
#264240
0$
#264260
1$
#264280
0$
#264300
1$
#264320
0$
#264340
1$
#264360
0$
#264380
1$
#264400
0$
#264420
1$
#264440
0$
#264460
1$
#264480
0$
#264500
1$
#264520
0$
#264540
1$
#264560
0$
1%
#264580
b100111011 "
b100111011 .
1$
#264600
0$
0%
#264620
1$
#264640
0$
#264660
1$
#264680
0$
#264700
1$
#264720
0$
#264740
1$
#264760
0$
#264780
1$
#264800
0$
#264820
1$
#264840
0$
#264860
1$
#264880
0$
#264900
1$
#264920
0$
#264940
1$
#264960
0$
#264980
1$
#265000
0$
#265020
1$
#265040
0$
#265060
1$
#265080
0$
#265100
1$
#265120
0$
#265140
1$
#265160
0$
#265180
1$
#265200
0$
#265220
1$
#265240
0$
#265260
1$
#265280
0$
#265300
1$
#265320
0$
#265340
1$
#265360
0$
#265380
1$
#265400
0$
1%
#265420
b100111100 "
b100111100 .
1$
#265440
0$
0%
#265460
1$
#265480
0$
#265500
1$
#265520
0$
#265540
1$
#265560
0$
#265580
1$
#265600
0$
#265620
1$
#265640
0$
#265660
1$
#265680
0$
#265700
1$
#265720
0$
#265740
1$
#265760
0$
#265780
1$
#265800
0$
#265820
1$
#265840
0$
#265860
1$
#265880
0$
#265900
1$
#265920
0$
#265940
1$
#265960
0$
#265980
1$
#266000
0$
#266020
1$
#266040
0$
#266060
1$
#266080
0$
#266100
1$
#266120
0$
#266140
1$
#266160
0$
#266180
1$
#266200
0$
#266220
1$
#266240
0$
1%
#266260
b100111101 "
b100111101 .
1$
#266280
0$
0%
#266300
1$
#266320
0$
#266340
1$
#266360
0$
#266380
1$
#266400
0$
#266420
1$
#266440
0$
#266460
1$
#266480
0$
#266500
1$
#266520
0$
#266540
1$
#266560
0$
#266580
1$
#266600
0$
#266620
1$
#266640
0$
#266660
1$
#266680
0$
#266700
1$
#266720
0$
#266740
1$
#266760
0$
#266780
1$
#266800
0$
#266820
1$
#266840
0$
#266860
1$
#266880
0$
#266900
1$
#266920
0$
#266940
1$
#266960
0$
#266980
1$
#267000
0$
#267020
1$
#267040
0$
#267060
1$
#267080
0$
1%
#267100
b100111110 "
b100111110 .
1$
#267120
0$
0%
#267140
1$
#267160
0$
#267180
1$
#267200
0$
#267220
1$
#267240
0$
#267260
1$
#267280
0$
#267300
1$
#267320
0$
#267340
1$
#267360
0$
#267380
1$
#267400
0$
#267420
1$
#267440
0$
#267460
1$
#267480
0$
#267500
1$
#267520
0$
#267540
1$
#267560
0$
#267580
1$
#267600
0$
#267620
1$
#267640
0$
#267660
1$
#267680
0$
#267700
1$
#267720
0$
#267740
1$
#267760
0$
#267780
1$
#267800
0$
#267820
1$
#267840
0$
#267860
1$
#267880
0$
#267900
1$
#267920
0$
1%
#267940
b100111111 "
b100111111 .
1$
#267960
0$
0%
#267980
1$
#268000
0$
#268020
1$
#268040
0$
#268060
1$
#268080
0$
#268100
1$
#268120
0$
#268140
1$
#268160
0$
#268180
1$
#268200
0$
#268220
1$
#268240
0$
#268260
1$
#268280
0$
#268300
1$
#268320
0$
#268340
1$
#268360
0$
#268380
1$
#268400
0$
#268420
1$
#268440
0$
#268460
1$
#268480
0$
#268500
1$
#268520
0$
#268540
1$
#268560
0$
#268580
1$
#268600
0$
#268620
1$
#268640
0$
#268660
1$
#268680
0$
#268700
1$
#268720
0$
#268740
1$
#268760
0$
1%
#268780
b101000000 "
b101000000 .
1$
#268800
0$
0%
#268820
1$
#268840
0$
#268860
1$
#268880
0$
#268900
1$
#268920
0$
#268940
1$
#268960
0$
#268980
1$
#269000
0$
#269020
1$
#269040
0$
#269060
1$
#269080
0$
#269100
1$
#269120
0$
#269140
1$
#269160
0$
#269180
1$
#269200
0$
#269220
1$
#269240
0$
#269260
1$
#269280
0$
#269300
1$
#269320
0$
#269340
1$
#269360
0$
#269380
1$
#269400
0$
#269420
1$
#269440
0$
#269460
1$
#269480
0$
#269500
1$
#269520
0$
#269540
1$
#269560
0$
#269580
1$
#269600
0$
1%
#269620
b101000001 "
b101000001 .
1$
#269640
0$
0%
#269660
1$
#269680
0$
#269700
1$
#269720
0$
#269740
1$
#269760
0$
#269780
1$
#269800
0$
#269820
1$
#269840
0$
#269860
1$
#269880
0$
#269900
1$
#269920
0$
#269940
1$
#269960
0$
#269980
1$
#270000
0$
#270020
1$
#270040
0$
#270060
1$
#270080
0$
#270100
1$
#270120
0$
#270140
1$
#270160
0$
#270180
1$
#270200
0$
#270220
1$
#270240
0$
#270260
1$
#270280
0$
#270300
1$
#270320
0$
#270340
1$
#270360
0$
#270380
1$
#270400
0$
#270420
1$
#270440
0$
1%
#270460
b101000010 "
b101000010 .
1$
#270480
0$
0%
#270500
1$
#270520
0$
#270540
1$
#270560
0$
#270580
1$
#270600
0$
#270620
1$
#270640
0$
#270660
1$
#270680
0$
#270700
1$
#270720
0$
#270740
1$
#270760
0$
#270780
1$
#270800
0$
#270820
1$
#270840
0$
#270860
1$
#270880
0$
#270900
1$
#270920
0$
#270940
1$
#270960
0$
#270980
1$
#271000
0$
#271020
1$
#271040
0$
#271060
1$
#271080
0$
#271100
1$
#271120
0$
#271140
1$
#271160
0$
#271180
1$
#271200
0$
#271220
1$
#271240
0$
#271260
1$
#271280
0$
1%
#271300
b101000011 "
b101000011 .
1$
#271320
0$
0%
#271340
1$
#271360
0$
#271380
1$
#271400
0$
#271420
1$
#271440
0$
#271460
1$
#271480
0$
#271500
1$
#271520
0$
#271540
1$
#271560
0$
#271580
1$
#271600
0$
#271620
1$
#271640
0$
#271660
1$
#271680
0$
#271700
1$
#271720
0$
#271740
1$
#271760
0$
#271780
1$
#271800
0$
#271820
1$
#271840
0$
#271860
1$
#271880
0$
#271900
1$
#271920
0$
#271940
1$
#271960
0$
#271980
1$
#272000
0$
#272020
1$
#272040
0$
#272060
1$
#272080
0$
#272100
1$
#272120
0$
1%
#272140
b101000100 "
b101000100 .
1$
#272160
0$
0%
#272180
1$
#272200
0$
#272220
1$
#272240
0$
#272260
1$
#272280
0$
#272300
1$
#272320
0$
#272340
1$
#272360
0$
#272380
1$
#272400
0$
#272420
1$
#272440
0$
#272460
1$
#272480
0$
#272500
1$
#272520
0$
#272540
1$
#272560
0$
#272580
1$
#272600
0$
#272620
1$
#272640
0$
#272660
1$
#272680
0$
#272700
1$
#272720
0$
#272740
1$
#272760
0$
#272780
1$
#272800
0$
#272820
1$
#272840
0$
#272860
1$
#272880
0$
#272900
1$
#272920
0$
#272940
1$
#272960
0$
1%
#272980
b101000101 "
b101000101 .
1$
#273000
0$
0%
#273020
1$
#273040
0$
#273060
1$
#273080
0$
#273100
1$
#273120
0$
#273140
1$
#273160
0$
#273180
1$
#273200
0$
#273220
1$
#273240
0$
#273260
1$
#273280
0$
#273300
1$
#273320
0$
#273340
1$
#273360
0$
#273380
1$
#273400
0$
#273420
1$
#273440
0$
#273460
1$
#273480
0$
#273500
1$
#273520
0$
#273540
1$
#273560
0$
#273580
1$
#273600
0$
#273620
1$
#273640
0$
#273660
1$
#273680
0$
#273700
1$
#273720
0$
#273740
1$
#273760
0$
#273780
1$
#273800
0$
1%
#273820
b101000110 "
b101000110 .
1$
#273840
0$
0%
#273860
1$
#273880
0$
#273900
1$
#273920
0$
#273940
1$
#273960
0$
#273980
1$
#274000
0$
#274020
1$
#274040
0$
#274060
1$
#274080
0$
#274100
1$
#274120
0$
#274140
1$
#274160
0$
#274180
1$
#274200
0$
#274220
1$
#274240
0$
#274260
1$
#274280
0$
#274300
1$
#274320
0$
#274340
1$
#274360
0$
#274380
1$
#274400
0$
#274420
1$
#274440
0$
#274460
1$
#274480
0$
#274500
1$
#274520
0$
#274540
1$
#274560
0$
#274580
1$
#274600
0$
#274620
1$
#274640
0$
1%
#274660
b101000111 "
b101000111 .
1$
#274680
0$
0%
#274700
1$
#274720
0$
#274740
1$
#274760
0$
#274780
1$
#274800
0$
#274820
1$
#274840
0$
#274860
1$
#274880
0$
#274900
1$
#274920
0$
#274940
1$
#274960
0$
#274980
1$
#275000
0$
#275020
1$
#275040
0$
#275060
1$
#275080
0$
#275100
1$
#275120
0$
#275140
1$
#275160
0$
#275180
1$
#275200
0$
#275220
1$
#275240
0$
#275260
1$
#275280
0$
#275300
1$
#275320
0$
#275340
1$
#275360
0$
#275380
1$
#275400
0$
#275420
1$
#275440
0$
#275460
1$
#275480
0$
1%
#275500
b101001000 "
b101001000 .
1$
#275520
0$
0%
#275540
1$
#275560
0$
#275580
1$
#275600
0$
#275620
1$
#275640
0$
#275660
1$
#275680
0$
#275700
1$
#275720
0$
#275740
1$
#275760
0$
#275780
1$
#275800
0$
#275820
1$
#275840
0$
#275860
1$
#275880
0$
#275900
1$
#275920
0$
#275940
1$
#275960
0$
#275980
1$
#276000
0$
#276020
1$
#276040
0$
#276060
1$
#276080
0$
#276100
1$
#276120
0$
#276140
1$
#276160
0$
#276180
1$
#276200
0$
#276220
1$
#276240
0$
#276260
1$
#276280
0$
#276300
1$
#276320
0$
1%
#276340
b101001001 "
b101001001 .
1$
#276360
0$
0%
#276380
1$
#276400
0$
#276420
1$
#276440
0$
#276460
1$
#276480
0$
#276500
1$
#276520
0$
#276540
1$
#276560
0$
#276580
1$
#276600
0$
#276620
1$
#276640
0$
#276660
1$
#276680
0$
#276700
1$
#276720
0$
#276740
1$
#276760
0$
#276780
1$
#276800
0$
#276820
1$
#276840
0$
#276860
1$
#276880
0$
#276900
1$
#276920
0$
#276940
1$
#276960
0$
#276980
1$
#277000
0$
#277020
1$
#277040
0$
#277060
1$
#277080
0$
#277100
1$
#277120
0$
#277140
1$
#277160
0$
1%
#277180
b101001010 "
b101001010 .
1$
#277200
0$
0%
#277220
1$
#277240
0$
#277260
1$
#277280
0$
#277300
1$
#277320
0$
#277340
1$
#277360
0$
#277380
1$
#277400
0$
#277420
1$
#277440
0$
#277460
1$
#277480
0$
#277500
1$
#277520
0$
#277540
1$
#277560
0$
#277580
1$
#277600
0$
#277620
1$
#277640
0$
#277660
1$
#277680
0$
#277700
1$
#277720
0$
#277740
1$
#277760
0$
#277780
1$
#277800
0$
#277820
1$
#277840
0$
#277860
1$
#277880
0$
#277900
1$
#277920
0$
#277940
1$
#277960
0$
#277980
1$
#278000
0$
1%
#278020
b101001011 "
b101001011 .
1$
#278040
0$
0%
#278060
1$
#278080
0$
#278100
1$
#278120
0$
#278140
1$
#278160
0$
#278180
1$
#278200
0$
#278220
1$
#278240
0$
#278260
1$
#278280
0$
#278300
1$
#278320
0$
#278340
1$
#278360
0$
#278380
1$
#278400
0$
#278420
1$
#278440
0$
#278460
1$
#278480
0$
#278500
1$
#278520
0$
#278540
1$
#278560
0$
#278580
1$
#278600
0$
#278620
1$
#278640
0$
#278660
1$
#278680
0$
#278700
1$
#278720
0$
#278740
1$
#278760
0$
#278780
1$
#278800
0$
#278820
1$
#278840
0$
1%
#278860
b101001100 "
b101001100 .
1$
#278880
0$
0%
#278900
1$
#278920
0$
#278940
1$
#278960
0$
#278980
1$
#279000
0$
#279020
1$
#279040
0$
#279060
1$
#279080
0$
#279100
1$
#279120
0$
#279140
1$
#279160
0$
#279180
1$
#279200
0$
#279220
1$
#279240
0$
#279260
1$
#279280
0$
#279300
1$
#279320
0$
#279340
1$
#279360
0$
#279380
1$
#279400
0$
#279420
1$
#279440
0$
#279460
1$
#279480
0$
#279500
1$
#279520
0$
#279540
1$
#279560
0$
#279580
1$
#279600
0$
#279620
1$
#279640
0$
#279660
1$
#279680
0$
1%
#279700
b101001101 "
b101001101 .
1$
#279720
0$
0%
#279740
1$
#279760
0$
#279780
1$
#279800
0$
#279820
1$
#279840
0$
#279860
1$
#279880
0$
#279900
1$
#279920
0$
#279940
1$
#279960
0$
#279980
1$
#280000
0$
#280020
1$
#280040
0$
#280060
1$
#280080
0$
#280100
1$
#280120
0$
#280140
1$
#280160
0$
#280180
1$
#280200
0$
#280220
1$
#280240
0$
#280260
1$
#280280
0$
#280300
1$
#280320
0$
#280340
1$
#280360
0$
#280380
1$
#280400
0$
#280420
1$
#280440
0$
#280460
1$
#280480
0$
#280500
1$
#280520
0$
1%
#280540
b101001110 "
b101001110 .
1$
#280560
0$
0%
#280580
1$
#280600
0$
#280620
1$
#280640
0$
#280660
1$
#280680
0$
#280700
1$
#280720
0$
#280740
1$
#280760
0$
#280780
1$
#280800
0$
#280820
1$
#280840
0$
#280860
1$
#280880
0$
#280900
1$
#280920
0$
#280940
1$
#280960
0$
#280980
1$
#281000
0$
#281020
1$
#281040
0$
#281060
1$
#281080
0$
#281100
1$
#281120
0$
#281140
1$
#281160
0$
#281180
1$
#281200
0$
#281220
1$
#281240
0$
#281260
1$
#281280
0$
#281300
1$
#281320
0$
#281340
1$
#281360
0$
1%
#281380
b101001111 "
b101001111 .
1$
#281400
0$
0%
#281420
1$
#281440
0$
#281460
1$
#281480
0$
#281500
1$
#281520
0$
#281540
1$
#281560
0$
#281580
1$
#281600
0$
#281620
1$
#281640
0$
#281660
1$
#281680
0$
#281700
1$
#281720
0$
#281740
1$
#281760
0$
#281780
1$
#281800
0$
#281820
1$
#281840
0$
#281860
1$
#281880
0$
#281900
1$
#281920
0$
#281940
1$
#281960
0$
#281980
1$
#282000
0$
#282020
1$
#282040
0$
#282060
1$
#282080
0$
#282100
1$
#282120
0$
#282140
1$
#282160
0$
#282180
1$
#282200
0$
1%
#282220
b101010000 "
b101010000 .
1$
#282240
0$
0%
#282260
1$
#282280
0$
#282300
1$
#282320
0$
#282340
1$
#282360
0$
#282380
1$
#282400
0$
#282420
1$
#282440
0$
#282460
1$
#282480
0$
#282500
1$
#282520
0$
#282540
1$
#282560
0$
#282580
1$
#282600
0$
#282620
1$
#282640
0$
#282660
1$
#282680
0$
#282700
1$
#282720
0$
#282740
1$
#282760
0$
#282780
1$
#282800
0$
#282820
1$
#282840
0$
#282860
1$
#282880
0$
#282900
1$
#282920
0$
#282940
1$
#282960
0$
#282980
1$
#283000
0$
#283020
1$
#283040
0$
1%
#283060
b101010001 "
b101010001 .
1$
#283080
0$
0%
#283100
1$
#283120
0$
#283140
1$
#283160
0$
#283180
1$
#283200
0$
#283220
1$
#283240
0$
#283260
1$
#283280
0$
#283300
1$
#283320
0$
#283340
1$
#283360
0$
#283380
1$
#283400
0$
#283420
1$
#283440
0$
#283460
1$
#283480
0$
#283500
1$
#283520
0$
#283540
1$
#283560
0$
#283580
1$
#283600
0$
#283620
1$
#283640
0$
#283660
1$
#283680
0$
#283700
1$
#283720
0$
#283740
1$
#283760
0$
#283780
1$
#283800
0$
#283820
1$
#283840
0$
#283860
1$
#283880
0$
1%
#283900
b101010010 "
b101010010 .
1$
#283920
0$
0%
#283940
1$
#283960
0$
#283980
1$
#284000
0$
#284020
1$
#284040
0$
#284060
1$
#284080
0$
#284100
1$
#284120
0$
#284140
1$
#284160
0$
#284180
1$
#284200
0$
#284220
1$
#284240
0$
#284260
1$
#284280
0$
#284300
1$
#284320
0$
#284340
1$
#284360
0$
#284380
1$
#284400
0$
#284420
1$
#284440
0$
#284460
1$
#284480
0$
#284500
1$
#284520
0$
#284540
1$
#284560
0$
#284580
1$
#284600
0$
#284620
1$
#284640
0$
#284660
1$
#284680
0$
#284700
1$
#284720
0$
1%
#284740
b101010011 "
b101010011 .
1$
#284760
0$
0%
#284780
1$
#284800
0$
#284820
1$
#284840
0$
#284860
1$
#284880
0$
#284900
1$
#284920
0$
#284940
1$
#284960
0$
#284980
1$
#285000
0$
#285020
1$
#285040
0$
#285060
1$
#285080
0$
#285100
1$
#285120
0$
#285140
1$
#285160
0$
#285180
1$
#285200
0$
#285220
1$
#285240
0$
#285260
1$
#285280
0$
#285300
1$
#285320
0$
#285340
1$
#285360
0$
#285380
1$
#285400
0$
#285420
1$
#285440
0$
#285460
1$
#285480
0$
#285500
1$
#285520
0$
#285540
1$
#285560
0$
1%
#285580
b101010100 "
b101010100 .
1$
#285600
0$
0%
#285620
1$
#285640
0$
#285660
1$
#285680
0$
#285700
1$
#285720
0$
#285740
1$
#285760
0$
#285780
1$
#285800
0$
#285820
1$
#285840
0$
#285860
1$
#285880
0$
#285900
1$
#285920
0$
#285940
1$
#285960
0$
#285980
1$
#286000
0$
#286020
1$
#286040
0$
#286060
1$
#286080
0$
#286100
1$
#286120
0$
#286140
1$
#286160
0$
#286180
1$
#286200
0$
#286220
1$
#286240
0$
#286260
1$
#286280
0$
#286300
1$
#286320
0$
#286340
1$
#286360
0$
#286380
1$
#286400
0$
1%
#286420
b101010101 "
b101010101 .
1$
#286440
0$
0%
#286460
1$
#286480
0$
#286500
1$
#286520
0$
#286540
1$
#286560
0$
#286580
1$
#286600
0$
#286620
1$
#286640
0$
#286660
1$
#286680
0$
#286700
1$
#286720
0$
#286740
1$
#286760
0$
#286780
1$
#286800
0$
#286820
1$
#286840
0$
#286860
1$
#286880
0$
#286900
1$
#286920
0$
#286940
1$
#286960
0$
#286980
1$
#287000
0$
#287020
1$
#287040
0$
#287060
1$
#287080
0$
#287100
1$
#287120
0$
#287140
1$
#287160
0$
#287180
1$
#287200
0$
#287220
1$
#287240
0$
1%
#287260
b101010110 "
b101010110 .
1$
#287280
0$
0%
#287300
1$
#287320
0$
#287340
1$
#287360
0$
#287380
1$
#287400
0$
#287420
1$
#287440
0$
#287460
1$
#287480
0$
#287500
1$
#287520
0$
#287540
1$
#287560
0$
#287580
1$
#287600
0$
#287620
1$
#287640
0$
#287660
1$
#287680
0$
#287700
1$
#287720
0$
#287740
1$
#287760
0$
#287780
1$
#287800
0$
#287820
1$
#287840
0$
#287860
1$
#287880
0$
#287900
1$
#287920
0$
#287940
1$
#287960
0$
#287980
1$
#288000
0$
#288020
1$
#288040
0$
#288060
1$
#288080
0$
1%
#288100
b101010111 "
b101010111 .
1$
#288120
0$
0%
#288140
1$
#288160
0$
#288180
1$
#288200
0$
#288220
1$
#288240
0$
#288260
1$
#288280
0$
#288300
1$
#288320
0$
#288340
1$
#288360
0$
#288380
1$
#288400
0$
#288420
1$
#288440
0$
#288460
1$
#288480
0$
#288500
1$
#288520
0$
#288540
1$
#288560
0$
#288580
1$
#288600
0$
#288620
1$
#288640
0$
#288660
1$
#288680
0$
#288700
1$
#288720
0$
#288740
1$
#288760
0$
#288780
1$
#288800
0$
#288820
1$
#288840
0$
#288860
1$
#288880
0$
#288900
1$
#288920
0$
1%
#288940
b101011000 "
b101011000 .
1$
#288960
0$
0%
#288980
1$
#289000
0$
#289020
1$
#289040
0$
#289060
1$
#289080
0$
#289100
1$
#289120
0$
#289140
1$
#289160
0$
#289180
1$
#289200
0$
#289220
1$
#289240
0$
#289260
1$
#289280
0$
#289300
1$
#289320
0$
#289340
1$
#289360
0$
#289380
1$
#289400
0$
#289420
1$
#289440
0$
#289460
1$
#289480
0$
#289500
1$
#289520
0$
#289540
1$
#289560
0$
#289580
1$
#289600
0$
#289620
1$
#289640
0$
#289660
1$
#289680
0$
#289700
1$
#289720
0$
#289740
1$
#289760
0$
1%
#289780
b101011001 "
b101011001 .
1$
#289800
0$
0%
#289820
1$
#289840
0$
#289860
1$
#289880
0$
#289900
1$
#289920
0$
#289940
1$
#289960
0$
#289980
1$
#290000
0$
#290020
1$
#290040
0$
#290060
1$
#290080
0$
#290100
1$
#290120
0$
#290140
1$
#290160
0$
#290180
1$
#290200
0$
#290220
1$
#290240
0$
#290260
1$
#290280
0$
#290300
1$
#290320
0$
#290340
1$
#290360
0$
#290380
1$
#290400
0$
#290420
1$
#290440
0$
#290460
1$
#290480
0$
#290500
1$
#290520
0$
#290540
1$
#290560
0$
#290580
1$
#290600
0$
1%
#290620
b101011010 "
b101011010 .
1$
#290640
0$
0%
#290660
1$
#290680
0$
#290700
1$
#290720
0$
#290740
1$
#290760
0$
#290780
1$
#290800
0$
#290820
1$
#290840
0$
#290860
1$
#290880
0$
#290900
1$
#290920
0$
#290940
1$
#290960
0$
#290980
1$
#291000
0$
#291020
1$
#291040
0$
#291060
1$
#291080
0$
#291100
1$
#291120
0$
#291140
1$
#291160
0$
#291180
1$
#291200
0$
#291220
1$
#291240
0$
#291260
1$
#291280
0$
#291300
1$
#291320
0$
#291340
1$
#291360
0$
#291380
1$
#291400
0$
#291420
1$
#291440
0$
1%
#291460
b101011011 "
b101011011 .
1$
#291480
0$
0%
#291500
1$
#291520
0$
#291540
1$
#291560
0$
#291580
1$
#291600
0$
#291620
1$
#291640
0$
#291660
1$
#291680
0$
#291700
1$
#291720
0$
#291740
1$
#291760
0$
#291780
1$
#291800
0$
#291820
1$
#291840
0$
#291860
1$
#291880
0$
#291900
1$
#291920
0$
#291940
1$
#291960
0$
#291980
1$
#292000
0$
#292020
1$
#292040
0$
#292060
1$
#292080
0$
#292100
1$
#292120
0$
#292140
1$
#292160
0$
#292180
1$
#292200
0$
#292220
1$
#292240
0$
#292260
1$
#292280
0$
1%
#292300
b101011100 "
b101011100 .
1$
#292320
0$
0%
#292340
1$
#292360
0$
#292380
1$
#292400
0$
#292420
1$
#292440
0$
#292460
1$
#292480
0$
#292500
1$
#292520
0$
#292540
1$
#292560
0$
#292580
1$
#292600
0$
#292620
1$
#292640
0$
#292660
1$
#292680
0$
#292700
1$
#292720
0$
#292740
1$
#292760
0$
#292780
1$
#292800
0$
#292820
1$
#292840
0$
#292860
1$
#292880
0$
#292900
1$
#292920
0$
#292940
1$
#292960
0$
#292980
1$
#293000
0$
#293020
1$
#293040
0$
#293060
1$
#293080
0$
#293100
1$
#293120
0$
1%
#293140
b101011101 "
b101011101 .
1$
#293160
0$
0%
#293180
1$
#293200
0$
#293220
1$
#293240
0$
#293260
1$
#293280
0$
#293300
1$
#293320
0$
#293340
1$
#293360
0$
#293380
1$
#293400
0$
#293420
1$
#293440
0$
#293460
1$
#293480
0$
#293500
1$
#293520
0$
#293540
1$
#293560
0$
#293580
1$
#293600
0$
#293620
1$
#293640
0$
#293660
1$
#293680
0$
#293700
1$
#293720
0$
#293740
1$
#293760
0$
#293780
1$
#293800
0$
#293820
1$
#293840
0$
#293860
1$
#293880
0$
#293900
1$
#293920
0$
#293940
1$
#293960
0$
1%
#293980
b101011110 "
b101011110 .
1$
#294000
0$
0%
#294020
1$
#294040
0$
#294060
1$
#294080
0$
#294100
1$
#294120
0$
#294140
1$
#294160
0$
#294180
1$
#294200
0$
#294220
1$
#294240
0$
#294260
1$
#294280
0$
#294300
1$
#294320
0$
#294340
1$
#294360
0$
#294380
1$
#294400
0$
#294420
1$
#294440
0$
#294460
1$
#294480
0$
#294500
1$
#294520
0$
#294540
1$
#294560
0$
#294580
1$
#294600
0$
#294620
1$
#294640
0$
#294660
1$
#294680
0$
#294700
1$
#294720
0$
#294740
1$
#294760
0$
#294780
1$
#294800
0$
1%
#294820
b101011111 "
b101011111 .
1$
#294840
0$
0%
#294860
1$
#294880
0$
#294900
1$
#294920
0$
#294940
1$
#294960
0$
#294980
1$
#295000
0$
#295020
1$
#295040
0$
#295060
1$
#295080
0$
#295100
1$
#295120
0$
#295140
1$
#295160
0$
#295180
1$
#295200
0$
#295220
1$
#295240
0$
#295260
1$
#295280
0$
#295300
1$
#295320
0$
#295340
1$
#295360
0$
#295380
1$
#295400
0$
#295420
1$
#295440
0$
#295460
1$
#295480
0$
#295500
1$
#295520
0$
#295540
1$
#295560
0$
#295580
1$
#295600
0$
#295620
1$
#295640
0$
1%
#295660
b101100000 "
b101100000 .
1$
#295680
0$
0%
#295700
1$
#295720
0$
#295740
1$
#295760
0$
#295780
1$
#295800
0$
#295820
1$
#295840
0$
#295860
1$
#295880
0$
#295900
1$
#295920
0$
#295940
1$
#295960
0$
#295980
1$
#296000
0$
#296020
1$
#296040
0$
#296060
1$
#296080
0$
#296100
1$
#296120
0$
#296140
1$
#296160
0$
#296180
1$
#296200
0$
#296220
1$
#296240
0$
#296260
1$
#296280
0$
#296300
1$
#296320
0$
#296340
1$
#296360
0$
#296380
1$
#296400
0$
#296420
1$
#296440
0$
#296460
1$
#296480
0$
1%
#296500
b101100001 "
b101100001 .
1$
#296520
0$
0%
#296540
1$
#296560
0$
#296580
1$
#296600
0$
#296620
1$
#296640
0$
#296660
1$
#296680
0$
#296700
1$
#296720
0$
#296740
1$
#296760
0$
#296780
1$
#296800
0$
#296820
1$
#296840
0$
#296860
1$
#296880
0$
#296900
1$
#296920
0$
#296940
1$
#296960
0$
#296980
1$
#297000
0$
#297020
1$
#297040
0$
#297060
1$
#297080
0$
#297100
1$
#297120
0$
#297140
1$
#297160
0$
#297180
1$
#297200
0$
#297220
1$
#297240
0$
#297260
1$
#297280
0$
#297300
1$
#297320
0$
1%
#297340
b101100010 "
b101100010 .
1$
#297360
0$
0%
#297380
1$
#297400
0$
#297420
1$
#297440
0$
#297460
1$
#297480
0$
#297500
1$
#297520
0$
#297540
1$
#297560
0$
#297580
1$
#297600
0$
#297620
1$
#297640
0$
#297660
1$
#297680
0$
#297700
1$
#297720
0$
#297740
1$
#297760
0$
#297780
1$
#297800
0$
#297820
1$
#297840
0$
#297860
1$
#297880
0$
#297900
1$
#297920
0$
#297940
1$
#297960
0$
#297980
1$
#298000
0$
#298020
1$
#298040
0$
#298060
1$
#298080
0$
#298100
1$
#298120
0$
#298140
1$
#298160
0$
1%
#298180
b101100011 "
b101100011 .
1$
#298200
0$
0%
#298220
1$
#298240
0$
#298260
1$
#298280
0$
#298300
1$
#298320
0$
#298340
1$
#298360
0$
#298380
1$
#298400
0$
#298420
1$
#298440
0$
#298460
1$
#298480
0$
#298500
1$
#298520
0$
#298540
1$
#298560
0$
#298580
1$
#298600
0$
#298620
1$
#298640
0$
#298660
1$
#298680
0$
#298700
1$
#298720
0$
#298740
1$
#298760
0$
#298780
1$
#298800
0$
#298820
1$
#298840
0$
#298860
1$
#298880
0$
#298900
1$
#298920
0$
#298940
1$
#298960
0$
#298980
1$
#299000
0$
1%
#299020
b101100100 "
b101100100 .
1$
#299040
0$
0%
#299060
1$
#299080
0$
#299100
1$
#299120
0$
#299140
1$
#299160
0$
#299180
1$
#299200
0$
#299220
1$
#299240
0$
#299260
1$
#299280
0$
#299300
1$
#299320
0$
#299340
1$
#299360
0$
#299380
1$
#299400
0$
#299420
1$
#299440
0$
#299460
1$
#299480
0$
#299500
1$
#299520
0$
#299540
1$
#299560
0$
#299580
1$
#299600
0$
#299620
1$
#299640
0$
#299660
1$
#299680
0$
#299700
1$
#299720
0$
#299740
1$
#299760
0$
#299780
1$
#299800
0$
#299820
1$
#299840
0$
1%
#299860
b101100101 "
b101100101 .
1$
#299880
0$
0%
#299900
1$
#299920
0$
#299940
1$
#299960
0$
#299980
1$
#300000
0$
#300020
1$
#300040
0$
#300060
1$
#300080
0$
#300100
1$
#300120
0$
#300140
1$
#300160
0$
#300180
1$
#300200
0$
#300220
1$
#300240
0$
#300260
1$
#300280
0$
#300300
1$
#300320
0$
#300340
1$
#300360
0$
#300380
1$
#300400
0$
#300420
1$
#300440
0$
#300460
1$
#300480
0$
#300500
1$
#300520
0$
#300540
1$
#300560
0$
#300580
1$
#300600
0$
#300620
1$
#300640
0$
#300660
1$
#300680
0$
1%
#300700
b101100110 "
b101100110 .
1$
#300720
0$
0%
#300740
1$
#300760
0$
#300780
1$
#300800
0$
#300820
1$
#300840
0$
#300860
1$
#300880
0$
#300900
1$
#300920
0$
#300940
1$
#300960
0$
#300980
1$
#301000
0$
#301020
1$
#301040
0$
#301060
1$
#301080
0$
#301100
1$
#301120
0$
#301140
1$
#301160
0$
#301180
1$
#301200
0$
#301220
1$
#301240
0$
#301260
1$
#301280
0$
#301300
1$
#301320
0$
#301340
1$
#301360
0$
#301380
1$
#301400
0$
#301420
1$
#301440
0$
#301460
1$
#301480
0$
#301500
1$
#301520
0$
1%
#301540
b101100111 "
b101100111 .
1$
#301560
0$
0%
#301580
1$
#301600
0$
#301620
1$
#301640
0$
#301660
1$
#301680
0$
#301700
1$
#301720
0$
#301740
1$
#301760
0$
#301780
1$
#301800
0$
#301820
1$
#301840
0$
#301860
1$
#301880
0$
#301900
1$
#301920
0$
#301940
1$
#301960
0$
#301980
1$
#302000
0$
#302020
1$
#302040
0$
#302060
1$
#302080
0$
#302100
1$
#302120
0$
#302140
1$
#302160
0$
#302180
1$
#302200
0$
#302220
1$
#302240
0$
#302260
1$
#302280
0$
#302300
1$
#302320
0$
#302340
1$
#302360
0$
1%
#302380
b101101000 "
b101101000 .
1$
#302400
0$
0%
#302420
1$
#302440
0$
#302460
1$
#302480
0$
#302500
1$
#302520
0$
#302540
1$
#302560
0$
#302580
1$
#302600
0$
#302620
1$
#302640
0$
#302660
1$
#302680
0$
#302700
1$
#302720
0$
#302740
1$
#302760
0$
#302780
1$
#302800
0$
#302820
1$
#302840
0$
#302860
1$
#302880
0$
#302900
1$
#302920
0$
#302940
1$
#302960
0$
#302980
1$
#303000
0$
#303020
1$
#303040
0$
#303060
1$
#303080
0$
#303100
1$
#303120
0$
#303140
1$
#303160
0$
#303180
1$
#303200
0$
1%
#303220
b101101001 "
b101101001 .
1$
#303240
0$
0%
#303260
1$
#303280
0$
#303300
1$
#303320
0$
#303340
1$
#303360
0$
#303380
1$
#303400
0$
#303420
1$
#303440
0$
#303460
1$
#303480
0$
#303500
1$
#303520
0$
#303540
1$
#303560
0$
#303580
1$
#303600
0$
#303620
1$
#303640
0$
#303660
1$
#303680
0$
#303700
1$
#303720
0$
#303740
1$
#303760
0$
#303780
1$
#303800
0$
#303820
1$
#303840
0$
#303860
1$
#303880
0$
#303900
1$
#303920
0$
#303940
1$
#303960
0$
#303980
1$
#304000
0$
#304020
1$
#304040
0$
1%
#304060
b101101010 "
b101101010 .
1$
#304080
0$
0%
#304100
1$
#304120
0$
#304140
1$
#304160
0$
#304180
1$
#304200
0$
#304220
1$
#304240
0$
#304260
1$
#304280
0$
#304300
1$
#304320
0$
#304340
1$
#304360
0$
#304380
1$
#304400
0$
#304420
1$
#304440
0$
#304460
1$
#304480
0$
#304500
1$
#304520
0$
#304540
1$
#304560
0$
#304580
1$
#304600
0$
#304620
1$
#304640
0$
#304660
1$
#304680
0$
#304700
1$
#304720
0$
#304740
1$
#304760
0$
#304780
1$
#304800
0$
#304820
1$
#304840
0$
#304860
1$
#304880
0$
1%
#304900
b101101011 "
b101101011 .
1$
#304920
0$
0%
#304940
1$
#304960
0$
#304980
1$
#305000
0$
#305020
1$
#305040
0$
#305060
1$
#305080
0$
#305100
1$
#305120
0$
#305140
1$
#305160
0$
#305180
1$
#305200
0$
#305220
1$
#305240
0$
#305260
1$
#305280
0$
#305300
1$
#305320
0$
#305340
1$
#305360
0$
#305380
1$
#305400
0$
#305420
1$
#305440
0$
#305460
1$
#305480
0$
#305500
1$
#305520
0$
#305540
1$
#305560
0$
#305580
1$
#305600
0$
#305620
1$
#305640
0$
#305660
1$
#305680
0$
#305700
1$
#305720
0$
1%
#305740
b101101100 "
b101101100 .
1$
#305760
0$
0%
#305780
1$
#305800
0$
#305820
1$
#305840
0$
#305860
1$
#305880
0$
#305900
1$
#305920
0$
#305940
1$
#305960
0$
#305980
1$
#306000
0$
#306020
1$
#306040
0$
#306060
1$
#306080
0$
#306100
1$
#306120
0$
#306140
1$
#306160
0$
#306180
1$
#306200
0$
#306220
1$
#306240
0$
#306260
1$
#306280
0$
#306300
1$
#306320
0$
#306340
1$
#306360
0$
#306380
1$
#306400
0$
#306420
1$
#306440
0$
#306460
1$
#306480
0$
#306500
1$
#306520
0$
#306540
1$
#306560
0$
1%
#306580
b101101101 "
b101101101 .
1$
#306600
0$
0%
#306620
1$
#306640
0$
#306660
1$
#306680
0$
#306700
1$
#306720
0$
#306740
1$
#306760
0$
#306780
1$
#306800
0$
#306820
1$
#306840
0$
#306860
1$
#306880
0$
#306900
1$
#306920
0$
#306940
1$
#306960
0$
#306980
1$
#307000
0$
#307020
1$
#307040
0$
#307060
1$
#307080
0$
#307100
1$
#307120
0$
#307140
1$
#307160
0$
#307180
1$
#307200
0$
#307220
1$
#307240
0$
#307260
1$
#307280
0$
#307300
1$
#307320
0$
#307340
1$
#307360
0$
#307380
1$
#307400
0$
1%
#307420
b101101110 "
b101101110 .
1$
#307440
0$
0%
#307460
1$
#307480
0$
#307500
1$
#307520
0$
#307540
1$
#307560
0$
#307580
1$
#307600
0$
#307620
1$
#307640
0$
#307660
1$
#307680
0$
#307700
1$
#307720
0$
#307740
1$
#307760
0$
#307780
1$
#307800
0$
#307820
1$
#307840
0$
#307860
1$
#307880
0$
#307900
1$
#307920
0$
#307940
1$
#307960
0$
#307980
1$
#308000
0$
#308020
1$
#308040
0$
#308060
1$
#308080
0$
#308100
1$
#308120
0$
#308140
1$
#308160
0$
#308180
1$
#308200
0$
#308220
1$
#308240
0$
1%
#308260
b101101111 "
b101101111 .
1$
#308280
0$
0%
#308300
1$
#308320
0$
#308340
1$
#308360
0$
#308380
1$
#308400
0$
#308420
1$
#308440
0$
#308460
1$
#308480
0$
#308500
1$
#308520
0$
#308540
1$
#308560
0$
#308580
1$
#308600
0$
#308620
1$
#308640
0$
#308660
1$
#308680
0$
#308700
1$
#308720
0$
#308740
1$
#308760
0$
#308780
1$
#308800
0$
#308820
1$
#308840
0$
#308860
1$
#308880
0$
#308900
1$
#308920
0$
#308940
1$
#308960
0$
#308980
1$
#309000
0$
#309020
1$
#309040
0$
#309060
1$
#309080
0$
1%
#309100
b101110000 "
b101110000 .
1$
#309120
0$
0%
#309140
1$
#309160
0$
#309180
1$
#309200
0$
#309220
1$
#309240
0$
#309260
1$
#309280
0$
#309300
1$
#309320
0$
#309340
1$
#309360
0$
#309380
1$
#309400
0$
#309420
1$
#309440
0$
#309460
1$
#309480
0$
#309500
1$
#309520
0$
#309540
1$
#309560
0$
#309580
1$
#309600
0$
#309620
1$
#309640
0$
#309660
1$
#309680
0$
#309700
1$
#309720
0$
#309740
1$
#309760
0$
#309780
1$
#309800
0$
#309820
1$
#309840
0$
#309860
1$
#309880
0$
#309900
1$
#309920
0$
1%
#309940
b101110001 "
b101110001 .
1$
#309960
0$
0%
#309980
1$
#310000
0$
#310020
1$
#310040
0$
#310060
1$
#310080
0$
#310100
1$
#310120
0$
#310140
1$
#310160
0$
#310180
1$
#310200
0$
#310220
1$
#310240
0$
#310260
1$
#310280
0$
#310300
1$
#310320
0$
#310340
1$
#310360
0$
#310380
1$
#310400
0$
#310420
1$
#310440
0$
#310460
1$
#310480
0$
#310500
1$
#310520
0$
#310540
1$
#310560
0$
#310580
1$
#310600
0$
#310620
1$
#310640
0$
#310660
1$
#310680
0$
#310700
1$
#310720
0$
#310740
1$
#310760
0$
1%
#310780
b101110010 "
b101110010 .
1$
#310800
0$
0%
#310820
1$
#310840
0$
#310860
1$
#310880
0$
#310900
1$
#310920
0$
#310940
1$
#310960
0$
#310980
1$
#311000
0$
#311020
1$
#311040
0$
#311060
1$
#311080
0$
#311100
1$
#311120
0$
#311140
1$
#311160
0$
#311180
1$
#311200
0$
#311220
1$
#311240
0$
#311260
1$
#311280
0$
#311300
1$
#311320
0$
#311340
1$
#311360
0$
#311380
1$
#311400
0$
#311420
1$
#311440
0$
#311460
1$
#311480
0$
#311500
1$
#311520
0$
#311540
1$
#311560
0$
#311580
1$
#311600
0$
1%
#311620
b101110011 "
b101110011 .
1$
#311640
0$
0%
#311660
1$
#311680
0$
#311700
1$
#311720
0$
#311740
1$
#311760
0$
#311780
1$
#311800
0$
#311820
1$
#311840
0$
#311860
1$
#311880
0$
#311900
1$
#311920
0$
#311940
1$
#311960
0$
#311980
1$
#312000
0$
#312020
1$
#312040
0$
#312060
1$
#312080
0$
#312100
1$
#312120
0$
#312140
1$
#312160
0$
#312180
1$
#312200
0$
#312220
1$
#312240
0$
#312260
1$
#312280
0$
#312300
1$
#312320
0$
#312340
1$
#312360
0$
#312380
1$
#312400
0$
#312420
1$
#312440
0$
1%
#312460
b101110100 "
b101110100 .
1$
#312480
0$
0%
#312500
1$
#312520
0$
#312540
1$
#312560
0$
#312580
1$
#312600
0$
#312620
1$
#312640
0$
#312660
1$
#312680
0$
#312700
1$
#312720
0$
#312740
1$
#312760
0$
#312780
1$
#312800
0$
#312820
1$
#312840
0$
#312860
1$
#312880
0$
#312900
1$
#312920
0$
#312940
1$
#312960
0$
#312980
1$
#313000
0$
#313020
1$
#313040
0$
#313060
1$
#313080
0$
#313100
1$
#313120
0$
#313140
1$
#313160
0$
#313180
1$
#313200
0$
#313220
1$
#313240
0$
#313260
1$
#313280
0$
1%
#313300
b101110101 "
b101110101 .
1$
#313320
0$
0%
#313340
1$
#313360
0$
#313380
1$
#313400
0$
#313420
1$
#313440
0$
#313460
1$
#313480
0$
#313500
1$
#313520
0$
#313540
1$
#313560
0$
#313580
1$
#313600
0$
#313620
1$
#313640
0$
#313660
1$
#313680
0$
#313700
1$
#313720
0$
#313740
1$
#313760
0$
#313780
1$
#313800
0$
#313820
1$
#313840
0$
#313860
1$
#313880
0$
#313900
1$
#313920
0$
#313940
1$
#313960
0$
#313980
1$
#314000
0$
#314020
1$
#314040
0$
#314060
1$
#314080
0$
#314100
1$
#314120
0$
1%
#314140
b101110110 "
b101110110 .
1$
#314160
0$
0%
#314180
1$
#314200
0$
#314220
1$
#314240
0$
#314260
1$
#314280
0$
#314300
1$
#314320
0$
#314340
1$
#314360
0$
#314380
1$
#314400
0$
#314420
1$
#314440
0$
#314460
1$
#314480
0$
#314500
1$
#314520
0$
#314540
1$
#314560
0$
#314580
1$
#314600
0$
#314620
1$
#314640
0$
#314660
1$
#314680
0$
#314700
1$
#314720
0$
#314740
1$
#314760
0$
#314780
1$
#314800
0$
#314820
1$
#314840
0$
#314860
1$
#314880
0$
#314900
1$
#314920
0$
#314940
1$
#314960
0$
1%
#314980
b101110111 "
b101110111 .
1$
#315000
0$
0%
#315020
1$
#315040
0$
#315060
1$
#315080
0$
#315100
1$
#315120
0$
#315140
1$
#315160
0$
#315180
1$
#315200
0$
#315220
1$
#315240
0$
#315260
1$
#315280
0$
#315300
1$
#315320
0$
#315340
1$
#315360
0$
#315380
1$
#315400
0$
#315420
1$
#315440
0$
#315460
1$
#315480
0$
#315500
1$
#315520
0$
#315540
1$
#315560
0$
#315580
1$
#315600
0$
#315620
1$
#315640
0$
#315660
1$
#315680
0$
#315700
1$
#315720
0$
#315740
1$
#315760
0$
#315780
1$
#315800
0$
1%
#315820
b101111000 "
b101111000 .
1$
#315840
0$
0%
#315860
1$
#315880
0$
#315900
1$
#315920
0$
#315940
1$
#315960
0$
#315980
1$
#316000
0$
#316020
1$
#316040
0$
#316060
1$
#316080
0$
#316100
1$
#316120
0$
#316140
1$
#316160
0$
#316180
1$
#316200
0$
#316220
1$
#316240
0$
#316260
1$
#316280
0$
#316300
1$
#316320
0$
#316340
1$
#316360
0$
#316380
1$
#316400
0$
#316420
1$
#316440
0$
#316460
1$
#316480
0$
#316500
1$
#316520
0$
#316540
1$
#316560
0$
#316580
1$
#316600
0$
#316620
1$
#316640
0$
1%
#316660
b101111001 "
b101111001 .
1$
#316680
0$
0%
#316700
1$
#316720
0$
#316740
1$
#316760
0$
#316780
1$
#316800
0$
#316820
1$
#316840
0$
#316860
1$
#316880
0$
#316900
1$
#316920
0$
#316940
1$
#316960
0$
#316980
1$
#317000
0$
#317020
1$
#317040
0$
#317060
1$
#317080
0$
#317100
1$
#317120
0$
#317140
1$
#317160
0$
#317180
1$
#317200
0$
#317220
1$
#317240
0$
#317260
1$
#317280
0$
#317300
1$
#317320
0$
#317340
1$
#317360
0$
#317380
1$
#317400
0$
#317420
1$
#317440
0$
#317460
1$
#317480
0$
1%
#317500
b101111010 "
b101111010 .
1$
#317520
0$
0%
#317540
1$
#317560
0$
#317580
1$
#317600
0$
#317620
1$
#317640
0$
#317660
1$
#317680
0$
#317700
1$
#317720
0$
#317740
1$
#317760
0$
#317780
1$
#317800
0$
#317820
1$
#317840
0$
#317860
1$
#317880
0$
#317900
1$
#317920
0$
#317940
1$
#317960
0$
#317980
1$
#318000
0$
#318020
1$
#318040
0$
#318060
1$
#318080
0$
#318100
1$
#318120
0$
#318140
1$
#318160
0$
#318180
1$
#318200
0$
#318220
1$
#318240
0$
#318260
1$
#318280
0$
#318300
1$
#318320
0$
1%
#318340
b101111011 "
b101111011 .
1$
#318360
0$
0%
#318380
1$
#318400
0$
#318420
1$
#318440
0$
#318460
1$
#318480
0$
#318500
1$
#318520
0$
#318540
1$
#318560
0$
#318580
1$
#318600
0$
#318620
1$
#318640
0$
#318660
1$
#318680
0$
#318700
1$
#318720
0$
#318740
1$
#318760
0$
#318780
1$
#318800
0$
#318820
1$
#318840
0$
#318860
1$
#318880
0$
#318900
1$
#318920
0$
#318940
1$
#318960
0$
#318980
1$
#319000
0$
#319020
1$
#319040
0$
#319060
1$
#319080
0$
#319100
1$
#319120
0$
#319140
1$
#319160
0$
1%
#319180
b101111100 "
b101111100 .
1$
#319200
0$
0%
#319220
1$
#319240
0$
#319260
1$
#319280
0$
#319300
1$
#319320
0$
#319340
1$
#319360
0$
#319380
1$
#319400
0$
#319420
1$
#319440
0$
#319460
1$
#319480
0$
#319500
1$
#319520
0$
#319540
1$
#319560
0$
#319580
1$
#319600
0$
#319620
1$
#319640
0$
#319660
1$
#319680
0$
#319700
1$
#319720
0$
#319740
1$
#319760
0$
#319780
1$
#319800
0$
#319820
1$
#319840
0$
#319860
1$
#319880
0$
#319900
1$
#319920
0$
#319940
1$
#319960
0$
#319980
1$
#320000
0$
1%
#320020
b101111101 "
b101111101 .
1$
#320040
0$
0%
#320060
1$
#320080
0$
#320100
1$
#320120
0$
#320140
1$
#320160
0$
#320180
1$
#320200
0$
#320220
1$
#320240
0$
#320260
1$
#320280
0$
#320300
1$
#320320
0$
#320340
1$
#320360
0$
#320380
1$
#320400
0$
#320420
1$
#320440
0$
#320460
1$
#320480
0$
#320500
1$
#320520
0$
#320540
1$
#320560
0$
#320580
1$
#320600
0$
#320620
1$
#320640
0$
#320660
1$
#320680
0$
#320700
1$
#320720
0$
#320740
1$
#320760
0$
#320780
1$
#320800
0$
#320820
1$
#320840
0$
1%
#320860
b101111110 "
b101111110 .
1$
#320880
0$
0%
#320900
1$
#320920
0$
#320940
1$
#320960
0$
#320980
1$
#321000
0$
#321020
1$
#321040
0$
#321060
1$
#321080
0$
#321100
1$
#321120
0$
#321140
1$
#321160
0$
#321180
1$
#321200
0$
#321220
1$
#321240
0$
#321260
1$
#321280
0$
#321300
1$
#321320
0$
#321340
1$
#321360
0$
#321380
1$
#321400
0$
#321420
1$
#321440
0$
#321460
1$
#321480
0$
#321500
1$
#321520
0$
#321540
1$
#321560
0$
#321580
1$
#321600
0$
#321620
1$
#321640
0$
#321660
1$
#321680
0$
1%
#321700
b101111111 "
b101111111 .
1$
#321720
0$
0%
#321740
1$
#321760
0$
#321780
1$
#321800
0$
#321820
1$
#321840
0$
#321860
1$
#321880
0$
#321900
1$
#321920
0$
#321940
1$
#321960
0$
#321980
1$
#322000
0$
#322020
1$
#322040
0$
#322060
1$
#322080
0$
#322100
1$
#322120
0$
#322140
1$
#322160
0$
#322180
1$
#322200
0$
#322220
1$
#322240
0$
#322260
1$
#322280
0$
#322300
1$
#322320
0$
#322340
1$
#322360
0$
#322380
1$
#322400
0$
#322420
1$
#322440
0$
#322460
1$
#322480
0$
#322500
1$
#322520
0$
1%
#322540
b110000000 "
b110000000 .
1$
#322560
0$
0%
#322580
1$
#322600
0$
#322620
1$
#322640
0$
#322660
1$
#322680
0$
#322700
1$
#322720
0$
#322740
1$
#322760
0$
#322780
1$
#322800
0$
#322820
1$
#322840
0$
#322860
1$
#322880
0$
#322900
1$
#322920
0$
#322940
1$
#322960
0$
#322980
1$
#323000
0$
#323020
1$
#323040
0$
#323060
1$
#323080
0$
#323100
1$
#323120
0$
#323140
1$
#323160
0$
#323180
1$
#323200
0$
#323220
1$
#323240
0$
#323260
1$
#323280
0$
#323300
1$
#323320
0$
#323340
1$
#323360
0$
1%
#323380
b110000001 "
b110000001 .
1$
#323400
0$
0%
#323420
1$
#323440
0$
#323460
1$
#323480
0$
#323500
1$
#323520
0$
#323540
1$
#323560
0$
#323580
1$
#323600
0$
#323620
1$
#323640
0$
#323660
1$
#323680
0$
#323700
1$
#323720
0$
#323740
1$
#323760
0$
#323780
1$
#323800
0$
#323820
1$
#323840
0$
#323860
1$
#323880
0$
#323900
1$
#323920
0$
#323940
1$
#323960
0$
#323980
1$
#324000
0$
#324020
1$
#324040
0$
#324060
1$
#324080
0$
#324100
1$
#324120
0$
#324140
1$
#324160
0$
#324180
1$
#324200
0$
1%
#324220
b110000010 "
b110000010 .
1$
#324240
0$
0%
#324260
1$
#324280
0$
#324300
1$
#324320
0$
#324340
1$
#324360
0$
#324380
1$
#324400
0$
#324420
1$
#324440
0$
#324460
1$
#324480
0$
#324500
1$
#324520
0$
#324540
1$
#324560
0$
#324580
1$
#324600
0$
#324620
1$
#324640
0$
#324660
1$
#324680
0$
#324700
1$
#324720
0$
#324740
1$
#324760
0$
#324780
1$
#324800
0$
#324820
1$
#324840
0$
#324860
1$
#324880
0$
#324900
1$
#324920
0$
#324940
1$
#324960
0$
#324980
1$
#325000
0$
#325020
1$
#325040
0$
1%
#325060
b110000011 "
b110000011 .
1$
#325080
0$
0%
#325100
1$
#325120
0$
#325140
1$
#325160
0$
#325180
1$
#325200
0$
#325220
1$
#325240
0$
#325260
1$
#325280
0$
#325300
1$
#325320
0$
#325340
1$
#325360
0$
#325380
1$
#325400
0$
#325420
1$
#325440
0$
#325460
1$
#325480
0$
#325500
1$
#325520
0$
#325540
1$
#325560
0$
#325580
1$
#325600
0$
#325620
1$
#325640
0$
#325660
1$
#325680
0$
#325700
1$
#325720
0$
#325740
1$
#325760
0$
#325780
1$
#325800
0$
#325820
1$
#325840
0$
#325860
1$
#325880
0$
1%
#325900
b110000100 "
b110000100 .
1$
#325920
0$
0%
#325940
1$
#325960
0$
#325980
1$
#326000
0$
#326020
1$
#326040
0$
#326060
1$
#326080
0$
#326100
1$
#326120
0$
#326140
1$
#326160
0$
#326180
1$
#326200
0$
#326220
1$
#326240
0$
#326260
1$
#326280
0$
#326300
1$
#326320
0$
#326340
1$
#326360
0$
#326380
1$
#326400
0$
#326420
1$
#326440
0$
#326460
1$
#326480
0$
#326500
1$
#326520
0$
#326540
1$
#326560
0$
#326580
1$
#326600
0$
#326620
1$
#326640
0$
#326660
1$
#326680
0$
#326700
1$
#326720
0$
1%
#326740
b110000101 "
b110000101 .
1$
#326760
0$
0%
#326780
1$
#326800
0$
#326820
1$
#326840
0$
#326860
1$
#326880
0$
#326900
1$
#326920
0$
#326940
1$
#326960
0$
#326980
1$
#327000
0$
#327020
1$
#327040
0$
#327060
1$
#327080
0$
#327100
1$
#327120
0$
#327140
1$
#327160
0$
#327180
1$
#327200
0$
#327220
1$
#327240
0$
#327260
1$
#327280
0$
#327300
1$
#327320
0$
#327340
1$
#327360
0$
#327380
1$
#327400
0$
#327420
1$
#327440
0$
#327460
1$
#327480
0$
#327500
1$
#327520
0$
#327540
1$
#327560
0$
1%
#327580
b110000110 "
b110000110 .
1$
#327600
0$
0%
#327620
1$
#327640
0$
#327660
1$
#327680
0$
#327700
1$
#327720
0$
#327740
1$
#327760
0$
#327780
1$
#327800
0$
#327820
1$
#327840
0$
#327860
1$
#327880
0$
#327900
1$
#327920
0$
#327940
1$
#327960
0$
#327980
1$
#328000
0$
#328020
1$
#328040
0$
#328060
1$
#328080
0$
#328100
1$
#328120
0$
#328140
1$
#328160
0$
#328180
1$
#328200
0$
#328220
1$
#328240
0$
#328260
1$
#328280
0$
#328300
1$
#328320
0$
#328340
1$
#328360
0$
#328380
1$
#328400
0$
1%
#328420
b110000111 "
b110000111 .
1$
#328440
0$
0%
#328460
1$
#328480
0$
#328500
1$
#328520
0$
#328540
1$
#328560
0$
#328580
1$
#328600
0$
#328620
1$
#328640
0$
#328660
1$
#328680
0$
#328700
1$
#328720
0$
#328740
1$
#328760
0$
#328780
1$
#328800
0$
#328820
1$
#328840
0$
#328860
1$
#328880
0$
#328900
1$
#328920
0$
#328940
1$
#328960
0$
#328980
1$
#329000
0$
#329020
1$
#329040
0$
#329060
1$
#329080
0$
#329100
1$
#329120
0$
#329140
1$
#329160
0$
#329180
1$
#329200
0$
#329220
1$
#329240
0$
1%
#329260
b110001000 "
b110001000 .
1$
#329280
0$
0%
#329300
1$
#329320
0$
#329340
1$
#329360
0$
#329380
1$
#329400
0$
#329420
1$
#329440
0$
#329460
1$
#329480
0$
#329500
1$
#329520
0$
#329540
1$
#329560
0$
#329580
1$
#329600
0$
#329620
1$
#329640
0$
#329660
1$
#329680
0$
#329700
1$
#329720
0$
#329740
1$
#329760
0$
#329780
1$
#329800
0$
#329820
1$
#329840
0$
#329860
1$
#329880
0$
#329900
1$
#329920
0$
#329940
1$
#329960
0$
#329980
1$
#330000
0$
#330020
1$
#330040
0$
#330060
1$
#330080
0$
1%
#330100
b110001001 "
b110001001 .
1$
#330120
0$
0%
#330140
1$
#330160
0$
#330180
1$
#330200
0$
#330220
1$
#330240
0$
#330260
1$
#330280
0$
#330300
1$
#330320
0$
#330340
1$
#330360
0$
#330380
1$
#330400
0$
#330420
1$
#330440
0$
#330460
1$
#330480
0$
#330500
1$
#330520
0$
#330540
1$
#330560
0$
#330580
1$
#330600
0$
#330620
1$
#330640
0$
#330660
1$
#330680
0$
#330700
1$
#330720
0$
#330740
1$
#330760
0$
#330780
1$
#330800
0$
#330820
1$
#330840
0$
#330860
1$
#330880
0$
#330900
1$
#330920
0$
1%
#330940
b110001010 "
b110001010 .
1$
#330960
0$
0%
#330980
1$
#331000
0$
#331020
1$
#331040
0$
#331060
1$
#331080
0$
#331100
1$
#331120
0$
#331140
1$
#331160
0$
#331180
1$
#331200
0$
#331220
1$
#331240
0$
#331260
1$
#331280
0$
#331300
1$
#331320
0$
#331340
1$
#331360
0$
#331380
1$
#331400
0$
#331420
1$
#331440
0$
#331460
1$
#331480
0$
#331500
1$
#331520
0$
#331540
1$
#331560
0$
#331580
1$
#331600
0$
#331620
1$
#331640
0$
#331660
1$
#331680
0$
#331700
1$
#331720
0$
#331740
1$
#331760
0$
1%
#331780
b110001011 "
b110001011 .
1$
#331800
0$
0%
#331820
1$
#331840
0$
#331860
1$
#331880
0$
#331900
1$
#331920
0$
#331940
1$
#331960
0$
#331980
1$
#332000
0$
#332020
1$
#332040
0$
#332060
1$
#332080
0$
#332100
1$
#332120
0$
#332140
1$
#332160
0$
#332180
1$
#332200
0$
#332220
1$
#332240
0$
#332260
1$
#332280
0$
#332300
1$
#332320
0$
#332340
1$
#332360
0$
#332380
1$
#332400
0$
#332420
1$
#332440
0$
#332460
1$
#332480
0$
#332500
1$
#332520
0$
#332540
1$
#332560
0$
#332580
1$
#332600
0$
1%
#332620
b110001100 "
b110001100 .
1$
#332640
0$
0%
#332660
1$
#332680
0$
#332700
1$
#332720
0$
#332740
1$
#332760
0$
#332780
1$
#332800
0$
#332820
1$
#332840
0$
#332860
1$
#332880
0$
#332900
1$
#332920
0$
#332940
1$
#332960
0$
#332980
1$
#333000
0$
#333020
1$
#333040
0$
#333060
1$
#333080
0$
#333100
1$
#333120
0$
#333140
1$
#333160
0$
#333180
1$
#333200
0$
#333220
1$
#333240
0$
#333260
1$
#333280
0$
#333300
1$
#333320
0$
#333340
1$
#333360
0$
#333380
1$
#333400
0$
#333420
1$
#333440
0$
1%
#333460
b110001101 "
b110001101 .
1$
#333480
0$
0%
#333500
1$
#333520
0$
#333540
1$
#333560
0$
#333580
1$
#333600
0$
#333620
1$
#333640
0$
#333660
1$
#333680
0$
#333700
1$
#333720
0$
#333740
1$
#333760
0$
#333780
1$
#333800
0$
#333820
1$
#333840
0$
#333860
1$
#333880
0$
#333900
1$
#333920
0$
#333940
1$
#333960
0$
#333980
1$
#334000
0$
#334020
1$
#334040
0$
#334060
1$
#334080
0$
#334100
1$
#334120
0$
#334140
1$
#334160
0$
#334180
1$
#334200
0$
#334220
1$
#334240
0$
#334260
1$
#334280
0$
1%
#334300
b110001110 "
b110001110 .
1$
#334320
0$
0%
#334340
1$
#334360
0$
#334380
1$
#334400
0$
#334420
1$
#334440
0$
#334460
1$
#334480
0$
#334500
1$
#334520
0$
#334540
1$
#334560
0$
#334580
1$
#334600
0$
#334620
1$
#334640
0$
#334660
1$
#334680
0$
#334700
1$
#334720
0$
#334740
1$
#334760
0$
#334780
1$
#334800
0$
#334820
1$
#334840
0$
#334860
1$
#334880
0$
#334900
1$
#334920
0$
#334940
1$
#334960
0$
#334980
1$
#335000
0$
#335020
1$
#335040
0$
#335060
1$
#335080
0$
#335100
1$
#335120
0$
1%
#335140
b110001111 "
b110001111 .
1$
#335160
0$
0%
#335180
1$
#335200
0$
#335220
1$
#335240
0$
#335260
1$
#335280
0$
#335300
1$
#335320
0$
#335340
1$
#335360
0$
#335380
1$
#335400
0$
#335420
1$
#335440
0$
#335460
1$
#335480
0$
#335500
1$
#335520
0$
#335540
1$
#335560
0$
#335580
1$
#335600
0$
#335620
1$
#335640
0$
#335660
1$
#335680
0$
#335700
1$
#335720
0$
#335740
1$
#335760
0$
#335780
1$
#335800
0$
#335820
1$
#335840
0$
#335860
1$
#335880
0$
#335900
1$
#335920
0$
#335940
1$
#335960
0$
1%
#335980
b110010000 "
b110010000 .
1$
#336000
0$
0%
#336020
1$
#336040
0$
#336060
1$
#336080
0$
#336100
1$
#336120
0$
#336140
1$
#336160
0$
#336180
1$
#336200
0$
#336220
1$
#336240
0$
#336260
1$
#336280
0$
#336300
1$
#336320
0$
#336340
1$
#336360
0$
#336380
1$
#336400
0$
#336420
1$
#336440
0$
#336460
1$
#336480
0$
#336500
1$
#336520
0$
#336540
1$
#336560
0$
#336580
1$
#336600
0$
#336620
1$
#336640
0$
#336660
1$
#336680
0$
#336700
1$
#336720
0$
#336740
1$
#336760
0$
#336780
1$
#336800
0$
1%
#336820
b110010001 "
b110010001 .
1$
#336840
0$
0%
#336860
1$
#336880
0$
#336900
1$
#336920
0$
#336940
1$
#336960
0$
#336980
1$
#337000
0$
#337020
1$
#337040
0$
#337060
1$
#337080
0$
#337100
1$
#337120
0$
#337140
1$
#337160
0$
#337180
1$
#337200
0$
#337220
1$
#337240
0$
#337260
1$
#337280
0$
#337300
1$
#337320
0$
#337340
1$
#337360
0$
#337380
1$
#337400
0$
#337420
1$
#337440
0$
#337460
1$
#337480
0$
#337500
1$
#337520
0$
#337540
1$
#337560
0$
#337580
1$
#337600
0$
#337620
1$
#337640
0$
1%
#337660
b110010010 "
b110010010 .
1$
#337680
0$
0%
#337700
1$
#337720
0$
#337740
1$
#337760
0$
#337780
1$
#337800
0$
#337820
1$
#337840
0$
#337860
1$
#337880
0$
#337900
1$
#337920
0$
#337940
1$
#337960
0$
#337980
1$
#338000
0$
#338020
1$
#338040
0$
#338060
1$
#338080
0$
#338100
1$
#338120
0$
#338140
1$
#338160
0$
#338180
1$
#338200
0$
#338220
1$
#338240
0$
#338260
1$
#338280
0$
#338300
1$
#338320
0$
#338340
1$
#338360
0$
#338380
1$
#338400
0$
#338420
1$
#338440
0$
#338460
1$
#338480
0$
1%
#338500
b110010011 "
b110010011 .
1$
#338520
0$
0%
#338540
1$
#338560
0$
#338580
1$
#338600
0$
#338620
1$
#338640
0$
#338660
1$
#338680
0$
#338700
1$
#338720
0$
#338740
1$
#338760
0$
#338780
1$
#338800
0$
#338820
1$
#338840
0$
#338860
1$
#338880
0$
#338900
1$
#338920
0$
#338940
1$
#338960
0$
#338980
1$
#339000
0$
#339020
1$
#339040
0$
#339060
1$
#339080
0$
#339100
1$
#339120
0$
#339140
1$
#339160
0$
#339180
1$
#339200
0$
#339220
1$
#339240
0$
#339260
1$
#339280
0$
#339300
1$
#339320
0$
1%
#339340
b110010100 "
b110010100 .
1$
#339360
0$
0%
#339380
1$
#339400
0$
#339420
1$
#339440
0$
#339460
1$
#339480
0$
#339500
1$
#339520
0$
#339540
1$
#339560
0$
#339580
1$
#339600
0$
#339620
1$
#339640
0$
#339660
1$
#339680
0$
#339700
1$
#339720
0$
#339740
1$
#339760
0$
#339780
1$
#339800
0$
#339820
1$
#339840
0$
#339860
1$
#339880
0$
#339900
1$
#339920
0$
#339940
1$
#339960
0$
#339980
1$
#340000
0$
#340020
1$
#340040
0$
#340060
1$
#340080
0$
#340100
1$
#340120
0$
#340140
1$
#340160
0$
1%
#340180
b110010101 "
b110010101 .
1$
#340200
0$
0%
#340220
1$
#340240
0$
#340260
1$
#340280
0$
#340300
1$
#340320
0$
#340340
1$
#340360
0$
#340380
1$
#340400
0$
#340420
1$
#340440
0$
#340460
1$
#340480
0$
#340500
1$
#340520
0$
#340540
1$
#340560
0$
#340580
1$
#340600
0$
#340620
1$
#340640
0$
#340660
1$
#340680
0$
#340700
1$
#340720
0$
#340740
1$
#340760
0$
#340780
1$
#340800
0$
#340820
1$
#340840
0$
#340860
1$
#340880
0$
#340900
1$
#340920
0$
#340940
1$
#340960
0$
#340980
1$
#341000
0$
1%
#341020
b110010110 "
b110010110 .
1$
#341040
0$
0%
#341060
1$
#341080
0$
#341100
1$
#341120
0$
#341140
1$
#341160
0$
#341180
1$
#341200
0$
#341220
1$
#341240
0$
#341260
1$
#341280
0$
#341300
1$
#341320
0$
#341340
1$
#341360
0$
#341380
1$
#341400
0$
#341420
1$
#341440
0$
#341460
1$
#341480
0$
#341500
1$
#341520
0$
#341540
1$
#341560
0$
#341580
1$
#341600
0$
#341620
1$
#341640
0$
#341660
1$
#341680
0$
#341700
1$
#341720
0$
#341740
1$
#341760
0$
#341780
1$
#341800
0$
#341820
1$
#341840
0$
1%
#341860
b110010111 "
b110010111 .
1$
#341880
0$
0%
#341900
1$
#341920
0$
#341940
1$
#341960
0$
#341980
1$
#342000
0$
#342020
1$
#342040
0$
#342060
1$
#342080
0$
#342100
1$
#342120
0$
#342140
1$
#342160
0$
#342180
1$
#342200
0$
#342220
1$
#342240
0$
#342260
1$
#342280
0$
#342300
1$
#342320
0$
#342340
1$
#342360
0$
#342380
1$
#342400
0$
#342420
1$
#342440
0$
#342460
1$
#342480
0$
#342500
1$
#342520
0$
#342540
1$
#342560
0$
#342580
1$
#342600
0$
#342620
1$
#342640
0$
#342660
1$
#342680
0$
1%
#342700
b110011000 "
b110011000 .
1$
#342720
0$
0%
#342740
1$
#342760
0$
#342780
1$
#342800
0$
#342820
1$
#342840
0$
#342860
1$
#342880
0$
#342900
1$
#342920
0$
#342940
1$
#342960
0$
#342980
1$
#343000
0$
#343020
1$
#343040
0$
#343060
1$
#343080
0$
#343100
1$
#343120
0$
#343140
1$
#343160
0$
#343180
1$
#343200
0$
#343220
1$
#343240
0$
#343260
1$
#343280
0$
#343300
1$
#343320
0$
#343340
1$
#343360
0$
#343380
1$
#343400
0$
#343420
1$
#343440
0$
#343460
1$
#343480
0$
#343500
1$
#343520
0$
1%
#343540
b110011001 "
b110011001 .
1$
#343560
0$
0%
#343580
1$
#343600
0$
#343620
1$
#343640
0$
#343660
1$
#343680
0$
#343700
1$
#343720
0$
#343740
1$
#343760
0$
#343780
1$
#343800
0$
#343820
1$
#343840
0$
#343860
1$
#343880
0$
#343900
1$
#343920
0$
#343940
1$
#343960
0$
#343980
1$
#344000
0$
#344020
1$
#344040
0$
#344060
1$
#344080
0$
#344100
1$
#344120
0$
#344140
1$
#344160
0$
#344180
1$
#344200
0$
#344220
1$
#344240
0$
#344260
1$
#344280
0$
#344300
1$
#344320
0$
#344340
1$
#344360
0$
1%
#344380
b110011010 "
b110011010 .
1$
#344400
0$
0%
#344420
1$
#344440
0$
#344460
1$
#344480
0$
#344500
1$
#344520
0$
#344540
1$
#344560
0$
#344580
1$
#344600
0$
#344620
1$
#344640
0$
#344660
1$
#344680
0$
#344700
1$
#344720
0$
#344740
1$
#344760
0$
#344780
1$
#344800
0$
#344820
1$
#344840
0$
#344860
1$
#344880
0$
#344900
1$
#344920
0$
#344940
1$
#344960
0$
#344980
1$
#345000
0$
#345020
1$
#345040
0$
#345060
1$
#345080
0$
#345100
1$
#345120
0$
#345140
1$
#345160
0$
#345180
1$
#345200
0$
1%
#345220
b110011011 "
b110011011 .
1$
#345240
0$
0%
#345260
1$
#345280
0$
#345300
1$
#345320
0$
#345340
1$
#345360
0$
#345380
1$
#345400
0$
#345420
1$
#345440
0$
#345460
1$
#345480
0$
#345500
1$
#345520
0$
#345540
1$
#345560
0$
#345580
1$
#345600
0$
#345620
1$
#345640
0$
#345660
1$
#345680
0$
#345700
1$
#345720
0$
#345740
1$
#345760
0$
#345780
1$
#345800
0$
#345820
1$
#345840
0$
#345860
1$
#345880
0$
#345900
1$
#345920
0$
#345940
1$
#345960
0$
#345980
1$
#346000
0$
#346020
1$
#346040
0$
1%
#346060
b110011100 "
b110011100 .
1$
#346080
0$
0%
#346100
1$
#346120
0$
#346140
1$
#346160
0$
#346180
1$
#346200
0$
#346220
1$
#346240
0$
#346260
1$
#346280
0$
#346300
1$
#346320
0$
#346340
1$
#346360
0$
#346380
1$
#346400
0$
#346420
1$
#346440
0$
#346460
1$
#346480
0$
#346500
1$
#346520
0$
#346540
1$
#346560
0$
#346580
1$
#346600
0$
#346620
1$
#346640
0$
#346660
1$
#346680
0$
#346700
1$
#346720
0$
#346740
1$
#346760
0$
#346780
1$
#346800
0$
#346820
1$
#346840
0$
#346860
1$
#346880
0$
1%
#346900
b110011101 "
b110011101 .
1$
#346920
0$
0%
#346940
1$
#346960
0$
#346980
1$
#347000
0$
#347020
1$
#347040
0$
#347060
1$
#347080
0$
#347100
1$
#347120
0$
#347140
1$
#347160
0$
#347180
1$
#347200
0$
#347220
1$
#347240
0$
#347260
1$
#347280
0$
#347300
1$
#347320
0$
#347340
1$
#347360
0$
#347380
1$
#347400
0$
#347420
1$
#347440
0$
#347460
1$
#347480
0$
#347500
1$
#347520
0$
#347540
1$
#347560
0$
#347580
1$
#347600
0$
#347620
1$
#347640
0$
#347660
1$
#347680
0$
#347700
1$
#347720
0$
1%
#347740
b110011110 "
b110011110 .
1$
#347760
0$
0%
#347780
1$
#347800
0$
#347820
1$
#347840
0$
#347860
1$
#347880
0$
#347900
1$
#347920
0$
#347940
1$
#347960
0$
#347980
1$
#348000
0$
#348020
1$
#348040
0$
#348060
1$
#348080
0$
#348100
1$
#348120
0$
#348140
1$
#348160
0$
#348180
1$
#348200
0$
#348220
1$
#348240
0$
#348260
1$
#348280
0$
#348300
1$
#348320
0$
#348340
1$
#348360
0$
#348380
1$
#348400
0$
#348420
1$
#348440
0$
#348460
1$
#348480
0$
#348500
1$
#348520
0$
#348540
1$
#348560
0$
1%
#348580
b110011111 "
b110011111 .
1$
#348600
0$
0%
#348620
1$
#348640
0$
#348660
1$
#348680
0$
#348700
1$
#348720
0$
#348740
1$
#348760
0$
#348780
1$
#348800
0$
#348820
1$
#348840
0$
#348860
1$
#348880
0$
#348900
1$
#348920
0$
#348940
1$
#348960
0$
#348980
1$
#349000
0$
#349020
1$
#349040
0$
#349060
1$
#349080
0$
#349100
1$
#349120
0$
#349140
1$
#349160
0$
#349180
1$
#349200
0$
#349220
1$
#349240
0$
#349260
1$
#349280
0$
#349300
1$
#349320
0$
#349340
1$
#349360
0$
#349380
1$
#349400
0$
1%
#349420
b110100000 "
b110100000 .
1$
#349440
0$
0%
#349460
1$
#349480
0$
#349500
1$
#349520
0$
#349540
1$
#349560
0$
#349580
1$
#349600
0$
#349620
1$
#349640
0$
#349660
1$
#349680
0$
#349700
1$
#349720
0$
#349740
1$
#349760
0$
#349780
1$
#349800
0$
#349820
1$
#349840
0$
#349860
1$
#349880
0$
#349900
1$
#349920
0$
#349940
1$
#349960
0$
#349980
1$
#350000
0$
#350020
1$
#350040
0$
#350060
1$
#350080
0$
#350100
1$
#350120
0$
#350140
1$
#350160
0$
#350180
1$
#350200
0$
#350220
1$
#350240
0$
1%
#350260
b110100001 "
b110100001 .
1$
#350280
0$
0%
#350300
1$
#350320
0$
#350340
1$
#350360
0$
#350380
1$
#350400
0$
#350420
1$
#350440
0$
#350460
1$
#350480
0$
#350500
1$
#350520
0$
#350540
1$
#350560
0$
#350580
1$
#350600
0$
#350620
1$
#350640
0$
#350660
1$
#350680
0$
#350700
1$
#350720
0$
#350740
1$
#350760
0$
#350780
1$
#350800
0$
#350820
1$
#350840
0$
#350860
1$
#350880
0$
#350900
1$
#350920
0$
#350940
1$
#350960
0$
#350980
1$
#351000
0$
#351020
1$
#351040
0$
#351060
1$
#351080
0$
1%
#351100
b110100010 "
b110100010 .
1$
#351120
0$
0%
#351140
1$
#351160
0$
#351180
1$
#351200
0$
#351220
1$
#351240
0$
#351260
1$
#351280
0$
#351300
1$
#351320
0$
#351340
1$
#351360
0$
#351380
1$
#351400
0$
#351420
1$
#351440
0$
#351460
1$
#351480
0$
#351500
1$
#351520
0$
#351540
1$
#351560
0$
#351580
1$
#351600
0$
#351620
1$
#351640
0$
#351660
1$
#351680
0$
#351700
1$
#351720
0$
#351740
1$
#351760
0$
#351780
1$
#351800
0$
#351820
1$
#351840
0$
#351860
1$
#351880
0$
#351900
1$
#351920
0$
1%
#351940
b110100011 "
b110100011 .
1$
#351960
0$
0%
#351980
1$
#352000
0$
#352020
1$
#352040
0$
#352060
1$
#352080
0$
#352100
1$
#352120
0$
#352140
1$
#352160
0$
#352180
1$
#352200
0$
#352220
1$
#352240
0$
#352260
1$
#352280
0$
#352300
1$
#352320
0$
#352340
1$
#352360
0$
#352380
1$
#352400
0$
#352420
1$
#352440
0$
#352460
1$
#352480
0$
#352500
1$
#352520
0$
#352540
1$
#352560
0$
#352580
1$
#352600
0$
#352620
1$
#352640
0$
#352660
1$
#352680
0$
#352700
1$
#352720
0$
#352740
1$
#352760
0$
1%
#352780
b110100100 "
b110100100 .
1$
#352800
0$
0%
#352820
1$
#352840
0$
#352860
1$
#352880
0$
#352900
1$
#352920
0$
#352940
1$
#352960
0$
#352980
1$
#353000
0$
#353020
1$
#353040
0$
#353060
1$
#353080
0$
#353100
1$
#353120
0$
#353140
1$
#353160
0$
#353180
1$
#353200
0$
#353220
1$
#353240
0$
#353260
1$
#353280
0$
#353300
1$
#353320
0$
#353340
1$
#353360
0$
#353380
1$
#353400
0$
#353420
1$
#353440
0$
#353460
1$
#353480
0$
#353500
1$
#353520
0$
#353540
1$
#353560
0$
#353580
1$
#353600
0$
1%
#353620
b110100101 "
b110100101 .
1$
#353640
0$
0%
#353660
1$
#353680
0$
#353700
1$
#353720
0$
#353740
1$
#353760
0$
#353780
1$
#353800
0$
#353820
1$
#353840
0$
#353860
1$
#353880
0$
#353900
1$
#353920
0$
#353940
1$
#353960
0$
#353980
1$
#354000
0$
#354020
1$
#354040
0$
#354060
1$
#354080
0$
#354100
1$
#354120
0$
#354140
1$
#354160
0$
#354180
1$
#354200
0$
#354220
1$
#354240
0$
#354260
1$
#354280
0$
#354300
1$
#354320
0$
#354340
1$
#354360
0$
#354380
1$
#354400
0$
#354420
1$
#354440
0$
1%
#354460
b110100110 "
b110100110 .
1$
#354480
0$
0%
#354500
1$
#354520
0$
#354540
1$
#354560
0$
#354580
1$
#354600
0$
#354620
1$
#354640
0$
#354660
1$
#354680
0$
#354700
1$
#354720
0$
#354740
1$
#354760
0$
#354780
1$
#354800
0$
#354820
1$
#354840
0$
#354860
1$
#354880
0$
#354900
1$
#354920
0$
#354940
1$
#354960
0$
#354980
1$
#355000
0$
#355020
1$
#355040
0$
#355060
1$
#355080
0$
#355100
1$
#355120
0$
#355140
1$
#355160
0$
#355180
1$
#355200
0$
#355220
1$
#355240
0$
#355260
1$
#355280
0$
1%
#355300
b110100111 "
b110100111 .
1$
#355320
0$
0%
#355340
1$
#355360
0$
#355380
1$
#355400
0$
#355420
1$
#355440
0$
#355460
1$
#355480
0$
#355500
1$
#355520
0$
#355540
1$
#355560
0$
#355580
1$
#355600
0$
#355620
1$
#355640
0$
#355660
1$
#355680
0$
#355700
1$
#355720
0$
#355740
1$
#355760
0$
#355780
1$
#355800
0$
#355820
1$
#355840
0$
#355860
1$
#355880
0$
#355900
1$
#355920
0$
#355940
1$
#355960
0$
#355980
1$
#356000
0$
#356020
1$
#356040
0$
#356060
1$
#356080
0$
#356100
1$
#356120
0$
1%
#356140
b110101000 "
b110101000 .
1$
#356160
0$
0%
#356180
1$
#356200
0$
#356220
1$
#356240
0$
#356260
1$
#356280
0$
#356300
1$
#356320
0$
#356340
1$
#356360
0$
#356380
1$
#356400
0$
#356420
1$
#356440
0$
#356460
1$
#356480
0$
#356500
1$
#356520
0$
#356540
1$
#356560
0$
#356580
1$
#356600
0$
#356620
1$
#356640
0$
#356660
1$
#356680
0$
#356700
1$
#356720
0$
#356740
1$
#356760
0$
#356780
1$
#356800
0$
#356820
1$
#356840
0$
#356860
1$
#356880
0$
#356900
1$
#356920
0$
#356940
1$
#356960
0$
1%
#356980
b110101001 "
b110101001 .
1$
#357000
0$
0%
#357020
1$
#357040
0$
#357060
1$
#357080
0$
#357100
1$
#357120
0$
#357140
1$
#357160
0$
#357180
1$
#357200
0$
#357220
1$
#357240
0$
#357260
1$
#357280
0$
#357300
1$
#357320
0$
#357340
1$
#357360
0$
#357380
1$
#357400
0$
#357420
1$
#357440
0$
#357460
1$
#357480
0$
#357500
1$
#357520
0$
#357540
1$
#357560
0$
#357580
1$
#357600
0$
#357620
1$
#357640
0$
#357660
1$
#357680
0$
#357700
1$
#357720
0$
#357740
1$
#357760
0$
#357780
1$
#357800
0$
1%
#357820
b110101010 "
b110101010 .
1$
#357840
0$
0%
#357860
1$
#357880
0$
#357900
1$
#357920
0$
#357940
1$
#357960
0$
#357980
1$
#358000
0$
#358020
1$
#358040
0$
#358060
1$
#358080
0$
#358100
1$
#358120
0$
#358140
1$
#358160
0$
#358180
1$
#358200
0$
#358220
1$
#358240
0$
#358260
1$
#358280
0$
#358300
1$
#358320
0$
#358340
1$
#358360
0$
#358380
1$
#358400
0$
#358420
1$
#358440
0$
#358460
1$
#358480
0$
#358500
1$
#358520
0$
#358540
1$
#358560
0$
#358580
1$
#358600
0$
#358620
1$
#358640
0$
1%
#358660
b110101011 "
b110101011 .
1$
#358680
0$
0%
#358700
1$
#358720
0$
#358740
1$
#358760
0$
#358780
1$
#358800
0$
#358820
1$
#358840
0$
#358860
1$
#358880
0$
#358900
1$
#358920
0$
#358940
1$
#358960
0$
#358980
1$
#359000
0$
#359020
1$
#359040
0$
#359060
1$
#359080
0$
#359100
1$
#359120
0$
#359140
1$
#359160
0$
#359180
1$
#359200
0$
#359220
1$
#359240
0$
#359260
1$
#359280
0$
#359300
1$
#359320
0$
#359340
1$
#359360
0$
#359380
1$
#359400
0$
#359420
1$
#359440
0$
#359460
1$
#359480
0$
1%
#359500
b110101100 "
b110101100 .
1$
#359520
0$
0%
#359540
1$
#359560
0$
#359580
1$
#359600
0$
#359620
1$
#359640
0$
#359660
1$
#359680
0$
#359700
1$
#359720
0$
#359740
1$
#359760
0$
#359780
1$
#359800
0$
#359820
1$
#359840
0$
#359860
1$
#359880
0$
#359900
1$
#359920
0$
#359940
1$
#359960
0$
#359980
1$
#360000
0$
#360020
1$
#360040
0$
#360060
1$
#360080
0$
#360100
1$
#360120
0$
#360140
1$
#360160
0$
#360180
1$
#360200
0$
#360220
1$
#360240
0$
#360260
1$
#360280
0$
#360300
1$
#360320
0$
1%
#360340
b110101101 "
b110101101 .
1$
#360360
0$
0%
#360380
1$
#360400
0$
#360420
1$
#360440
0$
#360460
1$
#360480
0$
#360500
1$
#360520
0$
#360540
1$
#360560
0$
#360580
1$
#360600
0$
#360620
1$
#360640
0$
#360660
1$
#360680
0$
#360700
1$
#360720
0$
#360740
1$
#360760
0$
#360780
1$
#360800
0$
#360820
1$
#360840
0$
#360860
1$
#360880
0$
#360900
1$
#360920
0$
#360940
1$
#360960
0$
#360980
1$
#361000
0$
#361020
1$
#361040
0$
#361060
1$
#361080
0$
#361100
1$
#361120
0$
#361140
1$
#361160
0$
1%
#361180
b110101110 "
b110101110 .
1$
#361200
0$
0%
#361220
1$
#361240
0$
#361260
1$
#361280
0$
#361300
1$
#361320
0$
#361340
1$
#361360
0$
#361380
1$
#361400
0$
#361420
1$
#361440
0$
#361460
1$
#361480
0$
#361500
1$
#361520
0$
#361540
1$
#361560
0$
#361580
1$
#361600
0$
#361620
1$
#361640
0$
#361660
1$
#361680
0$
#361700
1$
#361720
0$
#361740
1$
#361760
0$
#361780
1$
#361800
0$
#361820
1$
#361840
0$
#361860
1$
#361880
0$
#361900
1$
#361920
0$
#361940
1$
#361960
0$
#361980
1$
#362000
0$
1%
#362020
b110101111 "
b110101111 .
1$
#362040
0$
0%
#362060
1$
#362080
0$
#362100
1$
#362120
0$
#362140
1$
#362160
0$
#362180
1$
#362200
0$
#362220
1$
#362240
0$
#362260
1$
#362280
0$
#362300
1$
#362320
0$
#362340
1$
#362360
0$
#362380
1$
#362400
0$
#362420
1$
#362440
0$
#362460
1$
#362480
0$
#362500
1$
#362520
0$
#362540
1$
#362560
0$
#362580
1$
#362600
0$
#362620
1$
#362640
0$
#362660
1$
#362680
0$
#362700
1$
#362720
0$
#362740
1$
#362760
0$
#362780
1$
#362800
0$
#362820
1$
#362840
0$
1%
#362860
b110110000 "
b110110000 .
1$
#362880
0$
0%
#362900
1$
#362920
0$
#362940
1$
#362960
0$
#362980
1$
#363000
0$
#363020
1$
#363040
0$
#363060
1$
#363080
0$
#363100
1$
#363120
0$
#363140
1$
#363160
0$
#363180
1$
#363200
0$
#363220
1$
#363240
0$
#363260
1$
#363280
0$
#363300
1$
#363320
0$
#363340
1$
#363360
0$
#363380
1$
#363400
0$
#363420
1$
#363440
0$
#363460
1$
#363480
0$
#363500
1$
#363520
0$
#363540
1$
#363560
0$
#363580
1$
#363600
0$
#363620
1$
#363640
0$
#363660
1$
#363680
0$
1%
#363700
b110110001 "
b110110001 .
1$
#363720
0$
0%
#363740
1$
#363760
0$
#363780
1$
#363800
0$
#363820
1$
#363840
0$
#363860
1$
#363880
0$
#363900
1$
#363920
0$
#363940
1$
#363960
0$
#363980
1$
#364000
0$
#364020
1$
#364040
0$
#364060
1$
#364080
0$
#364100
1$
#364120
0$
#364140
1$
#364160
0$
#364180
1$
#364200
0$
#364220
1$
#364240
0$
#364260
1$
#364280
0$
#364300
1$
#364320
0$
#364340
1$
#364360
0$
#364380
1$
#364400
0$
#364420
1$
#364440
0$
#364460
1$
#364480
0$
#364500
1$
#364520
0$
1%
#364540
b110110010 "
b110110010 .
1$
#364560
0$
0%
#364580
1$
#364600
0$
#364620
1$
#364640
0$
#364660
1$
#364680
0$
#364700
1$
#364720
0$
#364740
1$
#364760
0$
#364780
1$
#364800
0$
#364820
1$
#364840
0$
#364860
1$
#364880
0$
#364900
1$
#364920
0$
#364940
1$
#364960
0$
#364980
1$
#365000
0$
#365020
1$
#365040
0$
#365060
1$
#365080
0$
#365100
1$
#365120
0$
#365140
1$
#365160
0$
#365180
1$
#365200
0$
#365220
1$
#365240
0$
#365260
1$
#365280
0$
#365300
1$
#365320
0$
#365340
1$
#365360
0$
1%
#365380
b110110011 "
b110110011 .
1$
#365400
0$
0%
#365420
1$
#365440
0$
#365460
1$
#365480
0$
#365500
1$
#365520
0$
#365540
1$
#365560
0$
#365580
1$
#365600
0$
#365620
1$
#365640
0$
#365660
1$
#365680
0$
#365700
1$
#365720
0$
#365740
1$
#365760
0$
#365780
1$
#365800
0$
#365820
1$
#365840
0$
#365860
1$
#365880
0$
#365900
1$
#365920
0$
#365940
1$
#365960
0$
#365980
1$
#366000
0$
#366020
1$
#366040
0$
#366060
1$
#366080
0$
#366100
1$
#366120
0$
#366140
1$
#366160
0$
#366180
1$
#366200
0$
1%
#366220
b110110100 "
b110110100 .
1$
#366240
0$
0%
#366260
1$
#366280
0$
#366300
1$
#366320
0$
#366340
1$
#366360
0$
#366380
1$
#366400
0$
#366420
1$
#366440
0$
#366460
1$
#366480
0$
#366500
1$
#366520
0$
#366540
1$
#366560
0$
#366580
1$
#366600
0$
#366620
1$
#366640
0$
#366660
1$
#366680
0$
#366700
1$
#366720
0$
#366740
1$
#366760
0$
#366780
1$
#366800
0$
#366820
1$
#366840
0$
#366860
1$
#366880
0$
#366900
1$
#366920
0$
#366940
1$
#366960
0$
#366980
1$
#367000
0$
#367020
1$
#367040
0$
1%
#367060
b110110101 "
b110110101 .
1$
#367080
0$
0%
#367100
1$
#367120
0$
#367140
1$
#367160
0$
#367180
1$
#367200
0$
#367220
1$
#367240
0$
#367260
1$
#367280
0$
#367300
1$
#367320
0$
#367340
1$
#367360
0$
#367380
1$
#367400
0$
#367420
1$
#367440
0$
#367460
1$
#367480
0$
#367500
1$
#367520
0$
#367540
1$
#367560
0$
#367580
1$
#367600
0$
#367620
1$
#367640
0$
#367660
1$
#367680
0$
#367700
1$
#367720
0$
#367740
1$
#367760
0$
#367780
1$
#367800
0$
#367820
1$
#367840
0$
#367860
1$
#367880
0$
1%
#367900
b110110110 "
b110110110 .
1$
#367920
0$
0%
#367940
1$
#367960
0$
#367980
1$
#368000
0$
#368020
1$
#368040
0$
#368060
1$
#368080
0$
#368100
1$
#368120
0$
#368140
1$
#368160
0$
#368180
1$
#368200
0$
#368220
1$
#368240
0$
#368260
1$
#368280
0$
#368300
1$
#368320
0$
#368340
1$
#368360
0$
#368380
1$
#368400
0$
#368420
1$
#368440
0$
#368460
1$
#368480
0$
#368500
1$
#368520
0$
#368540
1$
#368560
0$
#368580
1$
#368600
0$
#368620
1$
#368640
0$
#368660
1$
#368680
0$
#368700
1$
#368720
0$
1%
#368740
b110110111 "
b110110111 .
1$
#368760
0$
0%
#368780
1$
#368800
0$
#368820
1$
#368840
0$
#368860
1$
#368880
0$
#368900
1$
#368920
0$
#368940
1$
#368960
0$
#368980
1$
#369000
0$
#369020
1$
#369040
0$
#369060
1$
#369080
0$
#369100
1$
#369120
0$
#369140
1$
#369160
0$
#369180
1$
#369200
0$
#369220
1$
#369240
0$
#369260
1$
#369280
0$
#369300
1$
#369320
0$
#369340
1$
#369360
0$
#369380
1$
#369400
0$
#369420
1$
#369440
0$
#369460
1$
#369480
0$
#369500
1$
#369520
0$
#369540
1$
#369560
0$
1%
#369580
b110111000 "
b110111000 .
1$
#369600
0$
0%
#369620
1$
#369640
0$
#369660
1$
#369680
0$
#369700
1$
#369720
0$
#369740
1$
#369760
0$
#369780
1$
#369800
0$
#369820
1$
#369840
0$
#369860
1$
#369880
0$
#369900
1$
#369920
0$
#369940
1$
#369960
0$
#369980
1$
#370000
0$
#370020
1$
#370040
0$
#370060
1$
#370080
0$
#370100
1$
#370120
0$
#370140
1$
#370160
0$
#370180
1$
#370200
0$
#370220
1$
#370240
0$
#370260
1$
#370280
0$
#370300
1$
#370320
0$
#370340
1$
#370360
0$
#370380
1$
#370400
0$
1%
#370420
b110111001 "
b110111001 .
1$
#370440
0$
0%
#370460
1$
#370480
0$
#370500
1$
#370520
0$
#370540
1$
#370560
0$
#370580
1$
#370600
0$
#370620
1$
#370640
0$
#370660
1$
#370680
0$
#370700
1$
#370720
0$
#370740
1$
#370760
0$
#370780
1$
#370800
0$
#370820
1$
#370840
0$
#370860
1$
#370880
0$
#370900
1$
#370920
0$
#370940
1$
#370960
0$
#370980
1$
#371000
0$
#371020
1$
#371040
0$
#371060
1$
#371080
0$
#371100
1$
#371120
0$
#371140
1$
#371160
0$
#371180
1$
#371200
0$
#371220
1$
#371240
0$
1%
#371260
b110111010 "
b110111010 .
1$
#371280
0$
0%
#371300
1$
#371320
0$
#371340
1$
#371360
0$
#371380
1$
#371400
0$
#371420
1$
#371440
0$
#371460
1$
#371480
0$
#371500
1$
#371520
0$
#371540
1$
#371560
0$
#371580
1$
#371600
0$
#371620
1$
#371640
0$
#371660
1$
#371680
0$
#371700
1$
#371720
0$
#371740
1$
#371760
0$
#371780
1$
#371800
0$
#371820
1$
#371840
0$
#371860
1$
#371880
0$
#371900
1$
#371920
0$
#371940
1$
#371960
0$
#371980
1$
#372000
0$
#372020
1$
#372040
0$
#372060
1$
#372080
0$
1%
#372100
b110111011 "
b110111011 .
1$
#372120
0$
0%
#372140
1$
#372160
0$
#372180
1$
#372200
0$
#372220
1$
#372240
0$
#372260
1$
#372280
0$
#372300
1$
#372320
0$
#372340
1$
#372360
0$
#372380
1$
#372400
0$
#372420
1$
#372440
0$
#372460
1$
#372480
0$
#372500
1$
#372520
0$
#372540
1$
#372560
0$
#372580
1$
#372600
0$
#372620
1$
#372640
0$
#372660
1$
#372680
0$
#372700
1$
#372720
0$
#372740
1$
#372760
0$
#372780
1$
#372800
0$
#372820
1$
#372840
0$
#372860
1$
#372880
0$
#372900
1$
#372920
0$
1%
#372940
b110111100 "
b110111100 .
1$
#372960
0$
0%
#372980
1$
#373000
0$
#373020
1$
#373040
0$
#373060
1$
#373080
0$
#373100
1$
#373120
0$
#373140
1$
#373160
0$
#373180
1$
#373200
0$
#373220
1$
#373240
0$
#373260
1$
#373280
0$
#373300
1$
#373320
0$
#373340
1$
#373360
0$
#373380
1$
#373400
0$
#373420
1$
#373440
0$
#373460
1$
#373480
0$
#373500
1$
#373520
0$
#373540
1$
#373560
0$
#373580
1$
#373600
0$
#373620
1$
#373640
0$
#373660
1$
#373680
0$
#373700
1$
#373720
0$
#373740
1$
#373760
0$
1%
#373780
b110111101 "
b110111101 .
1$
#373800
0$
0%
#373820
1$
#373840
0$
#373860
1$
#373880
0$
#373900
1$
#373920
0$
#373940
1$
#373960
0$
#373980
1$
#374000
0$
#374020
1$
#374040
0$
#374060
1$
#374080
0$
#374100
1$
#374120
0$
#374140
1$
#374160
0$
#374180
1$
#374200
0$
#374220
1$
#374240
0$
#374260
1$
#374280
0$
#374300
1$
#374320
0$
#374340
1$
#374360
0$
#374380
1$
#374400
0$
#374420
1$
#374440
0$
#374460
1$
#374480
0$
#374500
1$
#374520
0$
#374540
1$
#374560
0$
#374580
1$
#374600
0$
1%
#374620
b110111110 "
b110111110 .
1$
#374640
0$
0%
#374660
1$
#374680
0$
#374700
1$
#374720
0$
#374740
1$
#374760
0$
#374780
1$
#374800
0$
#374820
1$
#374840
0$
#374860
1$
#374880
0$
#374900
1$
#374920
0$
#374940
1$
#374960
0$
#374980
1$
#375000
0$
#375020
1$
#375040
0$
#375060
1$
#375080
0$
#375100
1$
#375120
0$
#375140
1$
#375160
0$
#375180
1$
#375200
0$
#375220
1$
#375240
0$
#375260
1$
#375280
0$
#375300
1$
#375320
0$
#375340
1$
#375360
0$
#375380
1$
#375400
0$
#375420
1$
#375440
0$
1%
#375460
b110111111 "
b110111111 .
1$
#375480
0$
0%
#375500
1$
#375520
0$
#375540
1$
#375560
0$
#375580
1$
#375600
0$
#375620
1$
#375640
0$
#375660
1$
#375680
0$
#375700
1$
#375720
0$
#375740
1$
#375760
0$
#375780
1$
#375800
0$
#375820
1$
#375840
0$
#375860
1$
#375880
0$
#375900
1$
#375920
0$
#375940
1$
#375960
0$
#375980
1$
#376000
0$
#376020
1$
#376040
0$
#376060
1$
#376080
0$
#376100
1$
#376120
0$
#376140
1$
#376160
0$
#376180
1$
#376200
0$
#376220
1$
#376240
0$
#376260
1$
#376280
0$
1%
#376300
b111000000 "
b111000000 .
1$
#376320
0$
0%
#376340
1$
#376360
0$
#376380
1$
#376400
0$
#376420
1$
#376440
0$
#376460
1$
#376480
0$
#376500
1$
#376520
0$
#376540
1$
#376560
0$
#376580
1$
#376600
0$
#376620
1$
#376640
0$
#376660
1$
#376680
0$
#376700
1$
#376720
0$
#376740
1$
#376760
0$
#376780
1$
#376800
0$
#376820
1$
#376840
0$
#376860
1$
#376880
0$
#376900
1$
#376920
0$
#376940
1$
#376960
0$
#376980
1$
#377000
0$
#377020
1$
#377040
0$
#377060
1$
#377080
0$
#377100
1$
#377120
0$
1%
#377140
b111000001 "
b111000001 .
1$
#377160
0$
0%
#377180
1$
#377200
0$
#377220
1$
#377240
0$
#377260
1$
#377280
0$
#377300
1$
#377320
0$
#377340
1$
#377360
0$
#377380
1$
#377400
0$
#377420
1$
#377440
0$
#377460
1$
#377480
0$
#377500
1$
#377520
0$
#377540
1$
#377560
0$
#377580
1$
#377600
0$
#377620
1$
#377640
0$
#377660
1$
#377680
0$
#377700
1$
#377720
0$
#377740
1$
#377760
0$
#377780
1$
#377800
0$
#377820
1$
#377840
0$
#377860
1$
#377880
0$
#377900
1$
#377920
0$
#377940
1$
#377960
0$
1%
#377980
b111000010 "
b111000010 .
1$
#378000
0$
0%
#378020
1$
#378040
0$
#378060
1$
#378080
0$
#378100
1$
#378120
0$
#378140
1$
#378160
0$
#378180
1$
#378200
0$
#378220
1$
#378240
0$
#378260
1$
#378280
0$
#378300
1$
#378320
0$
#378340
1$
#378360
0$
#378380
1$
#378400
0$
#378420
1$
#378440
0$
#378460
1$
#378480
0$
#378500
1$
#378520
0$
#378540
1$
#378560
0$
#378580
1$
#378600
0$
#378620
1$
#378640
0$
#378660
1$
#378680
0$
#378700
1$
#378720
0$
#378740
1$
#378760
0$
#378780
1$
#378800
0$
1%
#378820
b111000011 "
b111000011 .
1$
#378840
0$
0%
#378860
1$
#378880
0$
#378900
1$
#378920
0$
#378940
1$
#378960
0$
#378980
1$
#379000
0$
#379020
1$
#379040
0$
#379060
1$
#379080
0$
#379100
1$
#379120
0$
#379140
1$
#379160
0$
#379180
1$
#379200
0$
#379220
1$
#379240
0$
#379260
1$
#379280
0$
#379300
1$
#379320
0$
#379340
1$
#379360
0$
#379380
1$
#379400
0$
#379420
1$
#379440
0$
#379460
1$
#379480
0$
#379500
1$
#379520
0$
#379540
1$
#379560
0$
#379580
1$
#379600
0$
#379620
1$
#379640
0$
1%
#379660
b111000100 "
b111000100 .
1$
#379680
0$
0%
#379700
1$
#379720
0$
#379740
1$
#379760
0$
#379780
1$
#379800
0$
#379820
1$
#379840
0$
#379860
1$
#379880
0$
#379900
1$
#379920
0$
#379940
1$
#379960
0$
#379980
1$
#380000
0$
#380020
1$
#380040
0$
#380060
1$
#380080
0$
#380100
1$
#380120
0$
#380140
1$
#380160
0$
#380180
1$
#380200
0$
#380220
1$
#380240
0$
#380260
1$
#380280
0$
#380300
1$
#380320
0$
#380340
1$
#380360
0$
#380380
1$
#380400
0$
#380420
1$
#380440
0$
#380460
1$
#380480
0$
1%
#380500
b111000101 "
b111000101 .
1$
#380520
0$
0%
#380540
1$
#380560
0$
#380580
1$
#380600
0$
#380620
1$
#380640
0$
#380660
1$
#380680
0$
#380700
1$
#380720
0$
#380740
1$
#380760
0$
#380780
1$
#380800
0$
#380820
1$
#380840
0$
#380860
1$
#380880
0$
#380900
1$
#380920
0$
#380940
1$
#380960
0$
#380980
1$
#381000
0$
#381020
1$
#381040
0$
#381060
1$
#381080
0$
#381100
1$
#381120
0$
#381140
1$
#381160
0$
#381180
1$
#381200
0$
#381220
1$
#381240
0$
#381260
1$
#381280
0$
#381300
1$
#381320
0$
1%
#381340
b111000110 "
b111000110 .
1$
#381360
0$
0%
#381380
1$
#381400
0$
#381420
1$
#381440
0$
#381460
1$
#381480
0$
#381500
1$
#381520
0$
#381540
1$
#381560
0$
#381580
1$
#381600
0$
#381620
1$
#381640
0$
#381660
1$
#381680
0$
#381700
1$
#381720
0$
#381740
1$
#381760
0$
#381780
1$
#381800
0$
#381820
1$
#381840
0$
#381860
1$
#381880
0$
#381900
1$
#381920
0$
#381940
1$
#381960
0$
#381980
1$
#382000
0$
#382020
1$
#382040
0$
#382060
1$
#382080
0$
#382100
1$
#382120
0$
#382140
1$
#382160
0$
1%
#382180
b111000111 "
b111000111 .
1$
#382200
0$
0%
#382220
1$
#382240
0$
#382260
1$
#382280
0$
#382300
1$
#382320
0$
#382340
1$
#382360
0$
#382380
1$
#382400
0$
#382420
1$
#382440
0$
#382460
1$
#382480
0$
#382500
1$
#382520
0$
#382540
1$
#382560
0$
#382580
1$
#382600
0$
#382620
1$
#382640
0$
#382660
1$
#382680
0$
#382700
1$
#382720
0$
#382740
1$
#382760
0$
#382780
1$
#382800
0$
#382820
1$
#382840
0$
#382860
1$
#382880
0$
#382900
1$
#382920
0$
#382940
1$
#382960
0$
#382980
1$
#383000
0$
1%
#383020
b111001000 "
b111001000 .
1$
#383040
0$
0%
#383060
1$
#383080
0$
#383100
1$
#383120
0$
#383140
1$
#383160
0$
#383180
1$
#383200
0$
#383220
1$
#383240
0$
#383260
1$
#383280
0$
#383300
1$
#383320
0$
#383340
1$
#383360
0$
#383380
1$
#383400
0$
#383420
1$
#383440
0$
#383460
1$
#383480
0$
#383500
1$
#383520
0$
#383540
1$
#383560
0$
#383580
1$
#383600
0$
#383620
1$
#383640
0$
#383660
1$
#383680
0$
#383700
1$
#383720
0$
#383740
1$
#383760
0$
#383780
1$
#383800
0$
#383820
1$
#383840
0$
1%
#383860
b111001001 "
b111001001 .
1$
#383880
0$
0%
#383900
1$
#383920
0$
#383940
1$
#383960
0$
#383980
1$
#384000
0$
#384020
1$
#384040
0$
#384060
1$
#384080
0$
#384100
1$
#384120
0$
#384140
1$
#384160
0$
#384180
1$
#384200
0$
#384220
1$
#384240
0$
#384260
1$
#384280
0$
#384300
1$
#384320
0$
#384340
1$
#384360
0$
#384380
1$
#384400
0$
#384420
1$
#384440
0$
#384460
1$
#384480
0$
#384500
1$
#384520
0$
#384540
1$
#384560
0$
#384580
1$
#384600
0$
#384620
1$
#384640
0$
#384660
1$
#384680
0$
1%
#384700
b111001010 "
b111001010 .
1$
#384720
0$
0%
#384740
1$
#384760
0$
#384780
1$
#384800
0$
#384820
1$
#384840
0$
#384860
1$
#384880
0$
#384900
1$
#384920
0$
#384940
1$
#384960
0$
#384980
1$
#385000
0$
#385020
1$
#385040
0$
#385060
1$
#385080
0$
#385100
1$
#385120
0$
#385140
1$
#385160
0$
#385180
1$
#385200
0$
#385220
1$
#385240
0$
#385260
1$
#385280
0$
#385300
1$
#385320
0$
#385340
1$
#385360
0$
#385380
1$
#385400
0$
#385420
1$
#385440
0$
#385460
1$
#385480
0$
#385500
1$
#385520
0$
1%
#385540
b111001011 "
b111001011 .
1$
#385560
0$
0%
#385580
1$
#385600
0$
#385620
1$
#385640
0$
#385660
1$
#385680
0$
#385700
1$
#385720
0$
#385740
1$
#385760
0$
#385780
1$
#385800
0$
#385820
1$
#385840
0$
#385860
1$
#385880
0$
#385900
1$
#385920
0$
#385940
1$
#385960
0$
#385980
1$
#386000
0$
#386020
1$
#386040
0$
#386060
1$
#386080
0$
#386100
1$
#386120
0$
#386140
1$
#386160
0$
#386180
1$
#386200
0$
#386220
1$
#386240
0$
#386260
1$
#386280
0$
#386300
1$
#386320
0$
#386340
1$
#386360
0$
1%
#386380
b111001100 "
b111001100 .
1$
#386400
0$
0%
#386420
1$
#386440
0$
#386460
1$
#386480
0$
#386500
1$
#386520
0$
#386540
1$
#386560
0$
#386580
1$
#386600
0$
#386620
1$
#386640
0$
#386660
1$
#386680
0$
#386700
1$
#386720
0$
#386740
1$
#386760
0$
#386780
1$
#386800
0$
#386820
1$
#386840
0$
#386860
1$
#386880
0$
#386900
1$
#386920
0$
#386940
1$
#386960
0$
#386980
1$
#387000
0$
#387020
1$
#387040
0$
#387060
1$
#387080
0$
#387100
1$
#387120
0$
#387140
1$
#387160
0$
#387180
1$
#387200
0$
1%
#387220
b111001101 "
b111001101 .
1$
#387240
0$
0%
#387260
1$
#387280
0$
#387300
1$
#387320
0$
#387340
1$
#387360
0$
#387380
1$
#387400
0$
#387420
1$
#387440
0$
#387460
1$
#387480
0$
#387500
1$
#387520
0$
#387540
1$
#387560
0$
#387580
1$
#387600
0$
#387620
1$
#387640
0$
#387660
1$
#387680
0$
#387700
1$
#387720
0$
#387740
1$
#387760
0$
#387780
1$
#387800
0$
#387820
1$
#387840
0$
#387860
1$
#387880
0$
#387900
1$
#387920
0$
#387940
1$
#387960
0$
#387980
1$
#388000
0$
#388020
1$
#388040
0$
1%
#388060
b111001110 "
b111001110 .
1$
#388080
0$
0%
#388100
1$
#388120
0$
#388140
1$
#388160
0$
#388180
1$
#388200
0$
#388220
1$
#388240
0$
#388260
1$
#388280
0$
#388300
1$
#388320
0$
#388340
1$
#388360
0$
#388380
1$
#388400
0$
#388420
1$
#388440
0$
#388460
1$
#388480
0$
#388500
1$
#388520
0$
#388540
1$
#388560
0$
#388580
1$
#388600
0$
#388620
1$
#388640
0$
#388660
1$
#388680
0$
#388700
1$
#388720
0$
#388740
1$
#388760
0$
#388780
1$
#388800
0$
#388820
1$
#388840
0$
#388860
1$
#388880
0$
1%
#388900
b111001111 "
b111001111 .
1$
#388920
0$
0%
#388940
1$
#388960
0$
#388980
1$
#389000
0$
#389020
1$
#389040
0$
#389060
1$
#389080
0$
#389100
1$
#389120
0$
#389140
1$
#389160
0$
#389180
1$
#389200
0$
#389220
1$
#389240
0$
#389260
1$
#389280
0$
#389300
1$
#389320
0$
#389340
1$
#389360
0$
#389380
1$
#389400
0$
#389420
1$
#389440
0$
#389460
1$
#389480
0$
#389500
1$
#389520
0$
#389540
1$
#389560
0$
#389580
1$
#389600
0$
#389620
1$
#389640
0$
#389660
1$
#389680
0$
#389700
1$
#389720
0$
1%
#389740
b111010000 "
b111010000 .
1$
#389760
0$
0%
#389780
1$
#389800
0$
#389820
1$
#389840
0$
#389860
1$
#389880
0$
#389900
1$
#389920
0$
#389940
1$
#389960
0$
#389980
1$
#390000
0$
#390020
1$
#390040
0$
#390060
1$
#390080
0$
#390100
1$
#390120
0$
#390140
1$
#390160
0$
#390180
1$
#390200
0$
#390220
1$
#390240
0$
#390260
1$
#390280
0$
#390300
1$
#390320
0$
#390340
1$
#390360
0$
#390380
1$
#390400
0$
#390420
1$
#390440
0$
#390460
1$
#390480
0$
#390500
1$
#390520
0$
#390540
1$
#390560
0$
1%
#390580
b111010001 "
b111010001 .
1$
#390600
0$
0%
#390620
1$
#390640
0$
#390660
1$
#390680
0$
#390700
1$
#390720
0$
#390740
1$
#390760
0$
#390780
1$
#390800
0$
#390820
1$
#390840
0$
#390860
1$
#390880
0$
#390900
1$
#390920
0$
#390940
1$
#390960
0$
#390980
1$
#391000
0$
#391020
1$
#391040
0$
#391060
1$
#391080
0$
#391100
1$
#391120
0$
#391140
1$
#391160
0$
#391180
1$
#391200
0$
#391220
1$
#391240
0$
#391260
1$
#391280
0$
#391300
1$
#391320
0$
#391340
1$
#391360
0$
#391380
1$
#391400
0$
1%
#391420
b111010010 "
b111010010 .
1$
#391440
0$
0%
#391460
1$
#391480
0$
#391500
1$
#391520
0$
#391540
1$
#391560
0$
#391580
1$
#391600
0$
#391620
1$
#391640
0$
#391660
1$
#391680
0$
#391700
1$
#391720
0$
#391740
1$
#391760
0$
#391780
1$
#391800
0$
#391820
1$
#391840
0$
#391860
1$
#391880
0$
#391900
1$
#391920
0$
#391940
1$
#391960
0$
#391980
1$
#392000
0$
#392020
1$
#392040
0$
#392060
1$
#392080
0$
#392100
1$
#392120
0$
#392140
1$
#392160
0$
#392180
1$
#392200
0$
#392220
1$
#392240
0$
1%
#392260
b111010011 "
b111010011 .
1$
#392280
0$
0%
#392300
1$
#392320
0$
#392340
1$
#392360
0$
#392380
1$
#392400
0$
#392420
1$
#392440
0$
#392460
1$
#392480
0$
#392500
1$
#392520
0$
#392540
1$
#392560
0$
#392580
1$
#392600
0$
#392620
1$
#392640
0$
#392660
1$
#392680
0$
#392700
1$
#392720
0$
#392740
1$
#392760
0$
#392780
1$
#392800
0$
#392820
1$
#392840
0$
#392860
1$
#392880
0$
#392900
1$
#392920
0$
#392940
1$
#392960
0$
#392980
1$
#393000
0$
#393020
1$
#393040
0$
#393060
1$
#393080
0$
1%
#393100
b111010100 "
b111010100 .
1$
#393120
0$
0%
#393140
1$
#393160
0$
#393180
1$
#393200
0$
#393220
1$
#393240
0$
#393260
1$
#393280
0$
#393300
1$
#393320
0$
#393340
1$
#393360
0$
#393380
1$
#393400
0$
#393420
1$
#393440
0$
#393460
1$
#393480
0$
#393500
1$
#393520
0$
#393540
1$
#393560
0$
#393580
1$
#393600
0$
#393620
1$
#393640
0$
#393660
1$
#393680
0$
#393700
1$
#393720
0$
#393740
1$
#393760
0$
#393780
1$
#393800
0$
#393820
1$
#393840
0$
#393860
1$
#393880
0$
#393900
1$
#393920
0$
1%
#393940
b111010101 "
b111010101 .
1$
#393960
0$
0%
#393980
1$
#394000
0$
#394020
1$
#394040
0$
#394060
1$
#394080
0$
#394100
1$
#394120
0$
#394140
1$
#394160
0$
#394180
1$
#394200
0$
#394220
1$
#394240
0$
#394260
1$
#394280
0$
#394300
1$
#394320
0$
#394340
1$
#394360
0$
#394380
1$
#394400
0$
#394420
1$
#394440
0$
#394460
1$
#394480
0$
#394500
1$
#394520
0$
#394540
1$
#394560
0$
#394580
1$
#394600
0$
#394620
1$
#394640
0$
#394660
1$
#394680
0$
#394700
1$
#394720
0$
#394740
1$
#394760
0$
1%
#394780
b111010110 "
b111010110 .
1$
#394800
0$
0%
#394820
1$
#394840
0$
#394860
1$
#394880
0$
#394900
1$
#394920
0$
#394940
1$
#394960
0$
#394980
1$
#395000
0$
#395020
1$
#395040
0$
#395060
1$
#395080
0$
#395100
1$
#395120
0$
#395140
1$
#395160
0$
#395180
1$
#395200
0$
#395220
1$
#395240
0$
#395260
1$
#395280
0$
#395300
1$
#395320
0$
#395340
1$
#395360
0$
#395380
1$
#395400
0$
#395420
1$
#395440
0$
#395460
1$
#395480
0$
#395500
1$
#395520
0$
#395540
1$
#395560
0$
#395580
1$
#395600
0$
1%
#395620
b111010111 "
b111010111 .
1$
#395640
0$
0%
#395660
1$
#395680
0$
#395700
1$
#395720
0$
#395740
1$
#395760
0$
#395780
1$
#395800
0$
#395820
1$
#395840
0$
#395860
1$
#395880
0$
#395900
1$
#395920
0$
#395940
1$
#395960
0$
#395980
1$
#396000
0$
#396020
1$
#396040
0$
#396060
1$
#396080
0$
#396100
1$
#396120
0$
#396140
1$
#396160
0$
#396180
1$
#396200
0$
#396220
1$
#396240
0$
#396260
1$
#396280
0$
#396300
1$
#396320
0$
#396340
1$
#396360
0$
#396380
1$
#396400
0$
#396420
1$
#396440
0$
1%
#396460
b111011000 "
b111011000 .
1$
#396480
0$
0%
#396500
1$
#396520
0$
#396540
1$
#396560
0$
#396580
1$
#396600
0$
#396620
1$
#396640
0$
#396660
1$
#396680
0$
#396700
1$
#396720
0$
#396740
1$
#396760
0$
#396780
1$
#396800
0$
#396820
1$
#396840
0$
#396860
1$
#396880
0$
#396900
1$
#396920
0$
#396940
1$
#396960
0$
#396980
1$
#397000
0$
#397020
1$
#397040
0$
#397060
1$
#397080
0$
#397100
1$
#397120
0$
#397140
1$
#397160
0$
#397180
1$
#397200
0$
#397220
1$
#397240
0$
#397260
1$
#397280
0$
1%
#397300
b111011001 "
b111011001 .
1$
#397320
0$
0%
#397340
1$
#397360
0$
#397380
1$
#397400
0$
#397420
1$
#397440
0$
#397460
1$
#397480
0$
#397500
1$
#397520
0$
#397540
1$
#397560
0$
#397580
1$
#397600
0$
#397620
1$
#397640
0$
#397660
1$
#397680
0$
#397700
1$
#397720
0$
#397740
1$
#397760
0$
#397780
1$
#397800
0$
#397820
1$
#397840
0$
#397860
1$
#397880
0$
#397900
1$
#397920
0$
#397940
1$
#397960
0$
#397980
1$
#398000
0$
#398020
1$
#398040
0$
#398060
1$
#398080
0$
#398100
1$
#398120
0$
1%
#398140
b111011010 "
b111011010 .
1$
#398160
0$
0%
#398180
1$
#398200
0$
#398220
1$
#398240
0$
#398260
1$
#398280
0$
#398300
1$
#398320
0$
#398340
1$
#398360
0$
#398380
1$
#398400
0$
#398420
1$
#398440
0$
#398460
1$
#398480
0$
#398500
1$
#398520
0$
#398540
1$
#398560
0$
#398580
1$
#398600
0$
#398620
1$
#398640
0$
#398660
1$
#398680
0$
#398700
1$
#398720
0$
#398740
1$
#398760
0$
#398780
1$
#398800
0$
#398820
1$
#398840
0$
#398860
1$
#398880
0$
#398900
1$
#398920
0$
#398940
1$
#398960
0$
1%
#398980
b111011011 "
b111011011 .
1$
#399000
0$
0%
#399020
1$
#399040
0$
#399060
1$
#399080
0$
#399100
1$
#399120
0$
#399140
1$
#399160
0$
#399180
1$
#399200
0$
#399220
1$
#399240
0$
#399260
1$
#399280
0$
#399300
1$
#399320
0$
#399340
1$
#399360
0$
#399380
1$
#399400
0$
#399420
1$
#399440
0$
#399460
1$
#399480
0$
#399500
1$
#399520
0$
#399540
1$
#399560
0$
#399580
1$
#399600
0$
#399620
1$
#399640
0$
#399660
1$
#399680
0$
#399700
1$
#399720
0$
#399740
1$
#399760
0$
#399780
1$
#399800
0$
1%
#399820
b111011100 "
b111011100 .
1$
#399840
0$
0%
#399860
1$
#399880
0$
#399900
1$
#399920
0$
#399940
1$
#399960
0$
#399980
1$
#400000
0$
#400020
1$
#400040
0$
#400060
1$
#400080
0$
#400100
1$
#400120
0$
#400140
1$
#400160
0$
#400180
1$
#400200
0$
#400220
1$
#400240
0$
#400260
1$
#400280
0$
#400300
1$
#400320
0$
#400340
1$
#400360
0$
#400380
1$
#400400
0$
#400420
1$
#400440
0$
#400460
1$
#400480
0$
#400500
1$
#400520
0$
#400540
1$
#400560
0$
#400580
1$
#400600
0$
#400620
1$
#400640
0$
1%
#400660
b111011101 "
b111011101 .
1$
#400680
0$
0%
#400700
1$
#400720
0$
#400740
1$
#400760
0$
#400780
1$
#400800
0$
#400820
1$
#400840
0$
#400860
1$
#400880
0$
#400900
1$
#400920
0$
#400940
1$
#400960
0$
#400980
1$
#401000
0$
#401020
1$
#401040
0$
#401060
1$
#401080
0$
#401100
1$
#401120
0$
#401140
1$
#401160
0$
#401180
1$
#401200
0$
#401220
1$
#401240
0$
#401260
1$
#401280
0$
#401300
1$
#401320
0$
#401340
1$
#401360
0$
#401380
1$
#401400
0$
#401420
1$
#401440
0$
#401460
1$
#401480
0$
1%
#401500
b111011110 "
b111011110 .
1$
#401520
0$
0%
#401540
1$
#401560
0$
#401580
1$
#401600
0$
#401620
1$
#401640
0$
#401660
1$
#401680
0$
#401700
1$
#401720
0$
#401740
1$
#401760
0$
#401780
1$
#401800
0$
#401820
1$
#401840
0$
#401860
1$
#401880
0$
#401900
1$
#401920
0$
#401940
1$
#401960
0$
#401980
1$
#402000
0$
#402020
1$
#402040
0$
#402060
1$
#402080
0$
#402100
1$
#402120
0$
#402140
1$
#402160
0$
#402180
1$
#402200
0$
#402220
1$
#402240
0$
#402260
1$
#402280
0$
#402300
1$
#402320
0$
1%
#402340
b111011111 "
b111011111 .
1$
#402360
0$
0%
#402380
1$
#402400
0$
#402420
1$
#402440
0$
#402460
1$
#402480
0$
#402500
1$
#402520
0$
#402540
1$
#402560
0$
#402580
1$
#402600
0$
#402620
1$
#402640
0$
#402660
1$
#402680
0$
#402700
1$
#402720
0$
#402740
1$
#402760
0$
#402780
1$
#402800
0$
#402820
1$
#402840
0$
#402860
1$
#402880
0$
#402900
1$
#402920
0$
#402940
1$
#402960
0$
#402980
1$
#403000
0$
#403020
1$
#403040
0$
#403060
1$
#403080
0$
#403100
1$
#403120
0$
#403140
1$
#403160
0$
1%
#403180
b111100000 "
b111100000 .
1$
#403200
0$
0%
#403220
0#
1$
#403240
0$
#403260
0&
1$
#403280
0$
#403300
1$
#403320
0$
#403340
1$
#403360
0$
#403380
1$
#403400
0$
#403420
1$
#403440
0$
#403460
1$
#403480
0$
#403500
1$
#403520
0$
#403540
1$
#403560
0$
#403580
1$
#403600
0$
#403620
1$
#403640
0$
#403660
1$
#403680
0$
#403700
1$
#403720
0$
#403740
1$
#403760
0$
#403780
1$
#403800
0$
#403820
1$
#403840
0$
#403860
1$
#403880
0$
#403900
1$
#403920
0$
#403940
1$
#403960
0$
#403980
1$
#404000
0$
1%
#404020
b111100001 "
b111100001 .
1$
#404040
0$
0%
#404060
1$
#404080
0$
#404100
1$
#404120
0$
#404140
1$
#404160
0$
#404180
1$
#404200
0$
#404220
1$
#404240
0$
#404260
1$
#404280
0$
#404300
1$
#404320
0$
#404340
1$
#404360
0$
#404380
1$
#404400
0$
#404420
1$
#404440
0$
#404460
1$
#404480
0$
#404500
1$
#404520
0$
#404540
1$
#404560
0$
#404580
1$
#404600
0$
#404620
1$
#404640
0$
#404660
1$
#404680
0$
#404700
1$
#404720
0$
#404740
1$
#404760
0$
#404780
1$
#404800
0$
#404820
1$
#404840
0$
1%
#404860
b111100010 "
b111100010 .
1$
#404880
0$
0%
#404900
1$
#404920
0$
#404940
1$
#404960
0$
#404980
1$
#405000
0$
#405020
1$
#405040
0$
#405060
1$
#405080
0$
#405100
1$
#405120
0$
#405140
1$
#405160
0$
#405180
1$
#405200
0$
#405220
1$
#405240
0$
#405260
1$
#405280
0$
#405300
1$
#405320
0$
#405340
1$
#405360
0$
#405380
1$
#405400
0$
#405420
1$
#405440
0$
#405460
1$
#405480
0$
#405500
1$
#405520
0$
#405540
1$
#405560
0$
#405580
1$
#405600
0$
#405620
1$
#405640
0$
#405660
1$
#405680
0$
1%
#405700
b111100011 "
b111100011 .
1$
#405720
0$
0%
#405740
1$
#405760
0$
#405780
1$
#405800
0$
#405820
1$
#405840
0$
#405860
1$
#405880
0$
#405900
1$
#405920
0$
#405940
1$
#405960
0$
#405980
1$
#406000
0$
#406020
1$
#406040
0$
#406060
1$
#406080
0$
#406100
1$
#406120
0$
#406140
1$
#406160
0$
#406180
1$
#406200
0$
#406220
1$
#406240
0$
#406260
1$
#406280
0$
#406300
1$
#406320
0$
#406340
1$
#406360
0$
#406380
1$
#406400
0$
#406420
1$
#406440
0$
#406460
1$
#406480
0$
#406500
1$
#406520
0$
1%
#406540
b111100100 "
b111100100 .
1$
#406560
0$
0%
#406580
1$
#406600
0$
#406620
1$
#406640
0$
#406660
1$
#406680
0$
#406700
1$
#406720
0$
#406740
1$
#406760
0$
#406780
1$
#406800
0$
#406820
1$
#406840
0$
#406860
1$
#406880
0$
#406900
1$
#406920
0$
#406940
1$
#406960
0$
#406980
1$
#407000
0$
#407020
1$
#407040
0$
#407060
1$
#407080
0$
#407100
1$
#407120
0$
#407140
1$
#407160
0$
#407180
1$
#407200
0$
#407220
1$
#407240
0$
#407260
1$
#407280
0$
#407300
1$
#407320
0$
#407340
1$
#407360
0$
1%
#407380
b111100101 "
b111100101 .
1$
#407400
0$
0%
#407420
1$
#407440
0$
#407460
1$
#407480
0$
#407500
1$
#407520
0$
#407540
1$
#407560
0$
#407580
1$
#407600
0$
#407620
1$
#407640
0$
#407660
1$
#407680
0$
#407700
1$
#407720
0$
#407740
1$
#407760
0$
#407780
1$
#407800
0$
#407820
1$
#407840
0$
#407860
1$
#407880
0$
#407900
1$
#407920
0$
#407940
1$
#407960
0$
#407980
1$
#408000
0$
#408020
1$
#408040
0$
#408060
1$
#408080
0$
#408100
1$
#408120
0$
#408140
1$
#408160
0$
#408180
1$
#408200
0$
1%
#408220
b111100110 "
b111100110 .
1$
#408240
0$
0%
#408260
1$
#408280
0$
#408300
1$
#408320
0$
#408340
1$
#408360
0$
#408380
1$
#408400
0$
#408420
1$
#408440
0$
#408460
1$
#408480
0$
#408500
1$
#408520
0$
#408540
1$
#408560
0$
#408580
1$
#408600
0$
#408620
1$
#408640
0$
#408660
1$
#408680
0$
#408700
1$
#408720
0$
#408740
1$
#408760
0$
#408780
1$
#408800
0$
#408820
1$
#408840
0$
#408860
1$
#408880
0$
#408900
1$
#408920
0$
#408940
1$
#408960
0$
#408980
1$
#409000
0$
#409020
1$
#409040
0$
1%
#409060
b111100111 "
b111100111 .
1$
#409080
0$
0%
#409100
1$
#409120
0$
#409140
1$
#409160
0$
#409180
1$
#409200
0$
#409220
1$
#409240
0$
#409260
1$
#409280
0$
#409300
1$
#409320
0$
#409340
1$
#409360
0$
#409380
1$
#409400
0$
#409420
1$
#409440
0$
#409460
1$
#409480
0$
#409500
1$
#409520
0$
#409540
1$
#409560
0$
#409580
1$
#409600
0$
#409620
1$
#409640
0$
#409660
1$
#409680
0$
#409700
1$
#409720
0$
#409740
1$
#409760
0$
#409780
1$
#409800
0$
#409820
1$
#409840
0$
#409860
1$
#409880
0$
1%
#409900
b111101000 "
b111101000 .
1$
#409920
0$
0%
#409940
1$
#409960
0$
#409980
1$
#410000
0$
#410020
1$
#410040
0$
#410060
1$
#410080
0$
#410100
1$
#410120
0$
#410140
1$
#410160
0$
#410180
1$
#410200
0$
#410220
1$
#410240
0$
#410260
1$
#410280
0$
#410300
1$
#410320
0$
#410340
1$
#410360
0$
#410380
1$
#410400
0$
#410420
1$
#410440
0$
#410460
1$
#410480
0$
#410500
1$
#410520
0$
#410540
1$
#410560
0$
#410580
1$
#410600
0$
#410620
1$
#410640
0$
#410660
1$
#410680
0$
#410700
1$
#410720
0$
1%
#410740
b111101001 "
b111101001 .
1$
#410760
0$
0%
#410780
1$
#410800
0$
#410820
1$
#410840
0$
#410860
1$
#410880
0$
#410900
1$
#410920
0$
#410940
1$
#410960
0$
#410980
1$
#411000
0$
#411020
1$
#411040
0$
#411060
1$
#411080
0$
#411100
1$
#411120
0$
#411140
1$
#411160
0$
#411180
1$
#411200
0$
#411220
1$
#411240
0$
#411260
1$
#411280
0$
#411300
1$
#411320
0$
#411340
1$
#411360
0$
#411380
1$
#411400
0$
#411420
1$
#411440
0$
#411460
1$
#411480
0$
#411500
1$
#411520
0$
#411540
1$
#411560
0$
1%
#411580
b111101010 "
b111101010 .
1$
#411600
0$
0%
#411620
0!
1$
#411640
0$
#411660
0'
1$
#411680
0$
#411700
1$
#411720
0$
#411740
1$
#411760
0$
#411780
1$
#411800
0$
#411820
1$
#411840
0$
#411860
1$
#411880
0$
#411900
1$
#411920
0$
#411940
1$
#411960
0$
#411980
1$
#412000
0$
#412020
1$
#412040
0$
#412060
1$
#412080
0$
#412100
1$
#412120
0$
#412140
1$
#412160
0$
#412180
1$
#412200
0$
#412220
1$
#412240
0$
#412260
1$
#412280
0$
#412300
1$
#412320
0$
#412340
1$
#412360
0$
#412380
1$
#412400
0$
1%
#412420
b111101011 "
b111101011 .
1$
#412440
0$
0%
#412460
1$
#412480
0$
#412500
1$
#412520
0$
#412540
1$
#412560
0$
#412580
1$
#412600
0$
#412620
1$
#412640
0$
#412660
1$
#412680
0$
#412700
1$
#412720
0$
#412740
1$
#412760
0$
#412780
1$
#412800
0$
#412820
1$
#412840
0$
#412860
1$
#412880
0$
#412900
1$
#412920
0$
#412940
1$
#412960
0$
#412980
1$
#413000
0$
#413020
1$
#413040
0$
#413060
1$
#413080
0$
#413100
1$
#413120
0$
#413140
1$
#413160
0$
#413180
1$
#413200
0$
#413220
1$
#413240
0$
1%
#413260
b111101100 "
b111101100 .
1$
#413280
0$
0%
#413300
1!
1$
#413320
0$
#413340
1'
1$
#413360
0$
#413380
1$
#413400
0$
#413420
1$
#413440
0$
#413460
1$
#413480
0$
#413500
1$
#413520
0$
#413540
1$
#413560
0$
#413580
1$
#413600
0$
#413620
1$
#413640
0$
#413660
1$
#413680
0$
#413700
1$
#413720
0$
#413740
1$
#413760
0$
#413780
1$
#413800
0$
#413820
1$
#413840
0$
#413860
1$
#413880
0$
#413900
1$
#413920
0$
#413940
1$
#413960
0$
#413980
1$
#414000
0$
#414020
1$
#414040
0$
#414060
1$
#414080
0$
1%
#414100
b111101101 "
b111101101 .
1$
#414120
0$
0%
#414140
1$
#414160
0$
#414180
1$
#414200
0$
#414220
1$
#414240
0$
#414260
1$
#414280
0$
#414300
1$
#414320
0$
#414340
1$
#414360
0$
#414380
1$
#414400
0$
#414420
1$
#414440
0$
#414460
1$
#414480
0$
#414500
1$
#414520
0$
#414540
1$
#414560
0$
#414580
1$
#414600
0$
#414620
1$
#414640
0$
#414660
1$
#414680
0$
#414700
1$
#414720
0$
#414740
1$
#414760
0$
#414780
1$
#414800
0$
#414820
1$
#414840
0$
#414860
1$
#414880
0$
#414900
1$
#414920
0$
1%
#414940
b111101110 "
b111101110 .
1$
#414960
0$
0%
#414980
1$
#415000
0$
#415020
1$
#415040
0$
#415060
1$
#415080
0$
#415100
1$
#415120
0$
#415140
1$
#415160
0$
#415180
1$
#415200
0$
#415220
1$
#415240
0$
#415260
1$
#415280
0$
#415300
1$
#415320
0$
#415340
1$
#415360
0$
#415380
1$
#415400
0$
#415420
1$
#415440
0$
#415460
1$
#415480
0$
#415500
1$
#415520
0$
#415540
1$
#415560
0$
#415580
1$
#415600
0$
#415620
1$
#415640
0$
#415660
1$
#415680
0$
#415700
1$
#415720
0$
#415740
1$
#415760
0$
1%
#415780
b111101111 "
b111101111 .
1$
#415800
0$
0%
#415820
1$
#415840
0$
#415860
1$
#415880
0$
#415900
1$
#415920
0$
#415940
1$
#415960
0$
#415980
1$
#416000
0$
#416020
1$
#416040
0$
#416060
1$
#416080
0$
#416100
1$
#416120
0$
#416140
1$
#416160
0$
#416180
1$
#416200
0$
#416220
1$
#416240
0$
#416260
1$
#416280
0$
#416300
1$
#416320
0$
#416340
1$
#416360
0$
#416380
1$
#416400
0$
#416420
1$
#416440
0$
#416460
1$
#416480
0$
#416500
1$
#416520
0$
#416540
1$
#416560
0$
#416580
1$
#416600
0$
1%
#416620
b111110000 "
b111110000 .
1$
#416640
0$
0%
#416660
1$
#416680
0$
#416700
1$
#416720
0$
#416740
1$
#416760
0$
#416780
1$
#416800
0$
#416820
1$
#416840
0$
#416860
1$
#416880
0$
#416900
1$
#416920
0$
#416940
1$
#416960
0$
#416980
1$
#417000
0$
#417020
1$
#417040
0$
#417060
1$
#417080
0$
#417100
1$
#417120
0$
#417140
1$
#417160
0$
#417180
1$
#417200
0$
#417220
1$
#417240
0$
#417260
1$
#417280
0$
#417300
1$
#417320
0$
#417340
1$
#417360
0$
#417380
1$
#417400
0$
#417420
1$
#417440
0$
1%
#417460
b111110001 "
b111110001 .
1$
#417480
0$
0%
#417500
1$
#417520
0$
#417540
1$
#417560
0$
#417580
1$
#417600
0$
#417620
1$
#417640
0$
#417660
1$
#417680
0$
#417700
1$
#417720
0$
#417740
1$
#417760
0$
#417780
1$
#417800
0$
#417820
1$
#417840
0$
#417860
1$
#417880
0$
#417900
1$
#417920
0$
#417940
1$
#417960
0$
#417980
1$
#418000
0$
#418020
1$
#418040
0$
#418060
1$
#418080
0$
#418100
1$
#418120
0$
#418140
1$
#418160
0$
#418180
1$
#418200
0$
#418220
1$
#418240
0$
#418260
1$
#418280
0$
1%
#418300
b111110010 "
b111110010 .
1$
#418320
0$
0%
#418340
1$
#418360
0$
#418380
1$
#418400
0$
#418420
1$
#418440
0$
#418460
1$
#418480
0$
#418500
1$
#418520
0$
#418540
1$
#418560
0$
#418580
1$
#418600
0$
#418620
1$
#418640
0$
#418660
1$
#418680
0$
#418700
1$
#418720
0$
#418740
1$
#418760
0$
#418780
1$
#418800
0$
#418820
1$
#418840
0$
#418860
1$
#418880
0$
#418900
1$
#418920
0$
#418940
1$
#418960
0$
#418980
1$
#419000
0$
#419020
1$
#419040
0$
#419060
1$
#419080
0$
#419100
1$
#419120
0$
1%
#419140
b111110011 "
b111110011 .
1$
#419160
0$
0%
#419180
1$
#419200
0$
#419220
1$
#419240
0$
#419260
1$
#419280
0$
#419300
1$
#419320
0$
#419340
1$
#419360
0$
#419380
1$
#419400
0$
#419420
1$
#419440
0$
#419460
1$
#419480
0$
#419500
1$
#419520
0$
#419540
1$
#419560
0$
#419580
1$
#419600
0$
#419620
1$
#419640
0$
#419660
1$
#419680
0$
#419700
1$
#419720
0$
#419740
1$
#419760
0$
#419780
1$
#419800
0$
#419820
1$
#419840
0$
#419860
1$
#419880
0$
#419900
1$
#419920
0$
#419940
1$
#419960
0$
1%
#419980
b111110100 "
b111110100 .
1$
#420000
0$
0%
#420020
1$
#420040
0$
#420060
1$
#420080
0$
#420100
1$
#420120
0$
#420140
1$
#420160
0$
#420180
1$
#420200
0$
#420220
1$
#420240
0$
#420260
1$
#420280
0$
#420300
1$
#420320
0$
#420340
1$
#420360
0$
#420380
1$
#420400
0$
#420420
1$
#420440
0$
#420460
1$
#420480
0$
#420500
1$
#420520
0$
#420540
1$
#420560
0$
#420580
1$
#420600
0$
#420620
1$
#420640
0$
#420660
1$
#420680
0$
#420700
1$
#420720
0$
#420740
1$
#420760
0$
#420780
1$
#420800
0$
1%
#420820
b111110101 "
b111110101 .
1$
#420840
0$
0%
#420860
1$
#420880
0$
#420900
1$
#420920
0$
#420940
1$
#420960
0$
#420980
1$
#421000
0$
#421020
1$
#421040
0$
#421060
1$
#421080
0$
#421100
1$
#421120
0$
#421140
1$
#421160
0$
#421180
1$
#421200
0$
#421220
1$
#421240
0$
#421260
1$
#421280
0$
#421300
1$
#421320
0$
#421340
1$
#421360
0$
#421380
1$
#421400
0$
#421420
1$
#421440
0$
#421460
1$
#421480
0$
#421500
1$
#421520
0$
#421540
1$
#421560
0$
#421580
1$
#421600
0$
#421620
1$
#421640
0$
1%
#421660
b111110110 "
b111110110 .
1$
#421680
0$
0%
#421700
1$
#421720
0$
#421740
1$
#421760
0$
#421780
1$
#421800
0$
#421820
1$
#421840
0$
#421860
1$
#421880
0$
#421900
1$
#421920
0$
#421940
1$
#421960
0$
#421980
1$
#422000
0$
#422020
1$
#422040
0$
#422060
1$
#422080
0$
#422100
1$
#422120
0$
#422140
1$
#422160
0$
#422180
1$
#422200
0$
#422220
1$
#422240
0$
#422260
1$
#422280
0$
#422300
1$
#422320
0$
#422340
1$
#422360
0$
#422380
1$
#422400
0$
#422420
1$
#422440
0$
#422460
1$
#422480
0$
1%
#422500
b111110111 "
b111110111 .
1$
#422520
0$
0%
#422540
1$
#422560
0$
#422580
1$
#422600
0$
#422620
1$
#422640
0$
#422660
1$
#422680
0$
#422700
1$
#422720
0$
#422740
1$
#422760
0$
#422780
1$
#422800
0$
#422820
1$
#422840
0$
#422860
1$
#422880
0$
#422900
1$
#422920
0$
#422940
1$
#422960
0$
#422980
1$
#423000
0$
#423020
1$
#423040
0$
#423060
1$
#423080
0$
#423100
1$
#423120
0$
#423140
1$
#423160
0$
#423180
1$
#423200
0$
#423220
1$
#423240
0$
#423260
1$
#423280
0$
#423300
1$
#423320
0$
1%
#423340
b111111000 "
b111111000 .
1$
#423360
0$
0%
#423380
1$
#423400
0$
#423420
1$
#423440
0$
#423460
1$
#423480
0$
#423500
1$
#423520
0$
#423540
1$
#423560
0$
#423580
1$
#423600
0$
#423620
1$
#423640
0$
#423660
1$
#423680
0$
#423700
1$
#423720
0$
#423740
1$
#423760
0$
#423780
1$
#423800
0$
#423820
1$
#423840
0$
#423860
1$
#423880
0$
#423900
1$
#423920
0$
#423940
1$
#423960
0$
#423980
1$
#424000
0$
#424020
1$
#424040
0$
#424060
1$
#424080
0$
#424100
1$
#424120
0$
#424140
1$
#424160
0$
1%
#424180
b111111001 "
b111111001 .
1$
#424200
0$
0%
#424220
1$
#424240
0$
#424260
1$
#424280
0$
#424300
1$
#424320
0$
#424340
1$
#424360
0$
#424380
1$
#424400
0$
#424420
1$
#424440
0$
#424460
1$
#424480
0$
#424500
1$
#424520
0$
#424540
1$
#424560
0$
#424580
1$
#424600
0$
#424620
1$
#424640
0$
#424660
1$
#424680
0$
#424700
1$
#424720
0$
#424740
1$
#424760
0$
#424780
1$
#424800
0$
#424820
1$
#424840
0$
#424860
1$
#424880
0$
#424900
1$
#424920
0$
#424940
1$
#424960
0$
#424980
1$
#425000
0$
1%
#425020
b111111010 "
b111111010 .
1$
#425040
0$
0%
#425060
1$
#425080
0$
#425100
1$
#425120
0$
#425140
1$
#425160
0$
#425180
1$
#425200
0$
#425220
1$
#425240
0$
#425260
1$
#425280
0$
#425300
1$
#425320
0$
#425340
1$
#425360
0$
#425380
1$
#425400
0$
#425420
1$
#425440
0$
#425460
1$
#425480
0$
#425500
1$
#425520
0$
#425540
1$
#425560
0$
#425580
1$
#425600
0$
#425620
1$
#425640
0$
#425660
1$
#425680
0$
#425700
1$
#425720
0$
#425740
1$
#425760
0$
#425780
1$
#425800
0$
#425820
1$
#425840
0$
1%
#425860
b111111011 "
b111111011 .
1$
#425880
0$
0%
#425900
1$
#425920
0$
#425940
1$
#425960
0$
#425980
1$
#426000
0$
#426020
1$
#426040
0$
#426060
1$
#426080
0$
#426100
1$
#426120
0$
#426140
1$
#426160
0$
#426180
1$
#426200
0$
#426220
1$
#426240
0$
#426260
1$
#426280
0$
#426300
1$
#426320
0$
#426340
1$
#426360
0$
#426380
1$
#426400
0$
#426420
1$
#426440
0$
#426460
1$
#426480
0$
#426500
1$
#426520
0$
#426540
1$
#426560
0$
#426580
1$
#426600
0$
#426620
1$
#426640
0$
#426660
1$
#426680
0$
1%
#426700
b111111100 "
b111111100 .
1$
#426720
0$
0%
#426740
1$
#426760
0$
#426780
1$
#426800
0$
#426820
1$
#426840
0$
#426860
1$
#426880
0$
#426900
1$
#426920
0$
#426940
1$
#426960
0$
#426980
1$
#427000
0$
#427020
1$
#427040
0$
#427060
1$
#427080
0$
#427100
1$
#427120
0$
#427140
1$
#427160
0$
#427180
1$
#427200
0$
#427220
1$
#427240
0$
#427260
1$
#427280
0$
#427300
1$
#427320
0$
#427340
1$
#427360
0$
#427380
1$
#427400
0$
#427420
1$
#427440
0$
#427460
1$
#427480
0$
#427500
1$
#427520
0$
1%
#427540
b111111101 "
b111111101 .
1$
#427560
0$
0%
#427580
1$
#427600
0$
#427620
1$
#427640
0$
#427660
1$
#427680
0$
#427700
1$
#427720
0$
#427740
1$
#427760
0$
#427780
1$
#427800
0$
#427820
1$
#427840
0$
#427860
1$
#427880
0$
#427900
1$
#427920
0$
#427940
1$
#427960
0$
#427980
1$
#428000
0$
#428020
1$
#428040
0$
#428060
1$
#428080
0$
#428100
1$
#428120
0$
#428140
1$
#428160
0$
#428180
1$
#428200
0$
#428220
1$
#428240
0$
#428260
1$
#428280
0$
#428300
1$
#428320
0$
#428340
1$
#428360
0$
1%
#428380
b111111110 "
b111111110 .
1$
#428400
0$
0%
#428420
1$
#428440
0$
#428460
1$
#428480
0$
#428500
1$
#428520
0$
#428540
1$
#428560
0$
#428580
1$
#428600
0$
#428620
1$
#428640
0$
#428660
1$
#428680
0$
#428700
1$
#428720
0$
#428740
1$
#428760
0$
#428780
1$
#428800
0$
#428820
1$
#428840
0$
#428860
1$
#428880
0$
#428900
1$
#428920
0$
#428940
1$
#428960
0$
#428980
1$
#429000
0$
#429020
1$
#429040
0$
#429060
1$
#429080
0$
#429100
1$
#429120
0$
#429140
1$
#429160
0$
#429180
1$
#429200
0$
1%
#429220
b111111111 "
b111111111 .
1$
#429240
0$
0%
#429260
1$
#429280
0$
#429300
1$
#429320
0$
#429340
1$
#429360
0$
#429380
1$
#429400
0$
#429420
1$
#429440
0$
#429460
1$
#429480
0$
#429500
1$
#429520
0$
#429540
1$
#429560
0$
#429580
1$
#429600
0$
#429620
1$
#429640
0$
#429660
1$
#429680
0$
#429700
1$
#429720
0$
#429740
1$
#429760
0$
#429780
1$
#429800
0$
#429820
1$
#429840
0$
#429860
1$
#429880
0$
#429900
1$
#429920
0$
#429940
1$
#429960
0$
#429980
1$
#430000
0$
#430020
1$
#430040
0$
1%
#430060
b1000000000 "
b1000000000 .
1$
#430080
0$
0%
#430100
1$
#430120
0$
#430140
1$
#430160
0$
#430180
1$
#430200
0$
#430220
1$
#430240
0$
#430260
1$
#430280
0$
#430300
1$
#430320
0$
#430340
1$
#430360
0$
#430380
1$
#430400
0$
#430420
1$
#430440
0$
#430460
1$
#430480
0$
#430500
1$
#430520
0$
#430540
1$
#430560
0$
#430580
1$
#430600
0$
#430620
1$
#430640
0$
#430660
1$
#430680
0$
#430700
1$
#430720
0$
#430740
1$
#430760
0$
#430780
1$
#430800
0$
#430820
1$
#430840
0$
#430860
1$
#430880
0$
1%
#430900
b1000000001 "
b1000000001 .
1$
#430920
0$
0%
#430940
1$
#430960
0$
#430980
1$
#431000
0$
#431020
1$
#431040
0$
#431060
1$
#431080
0$
#431100
1$
#431120
0$
#431140
1$
#431160
0$
#431180
1$
#431200
0$
#431220
1$
#431240
0$
#431260
1$
#431280
0$
#431300
1$
#431320
0$
#431340
1$
#431360
0$
#431380
1$
#431400
0$
#431420
1$
#431440
0$
#431460
1$
#431480
0$
#431500
1$
#431520
0$
#431540
1$
#431560
0$
#431580
1$
#431600
0$
#431620
1$
#431640
0$
#431660
1$
#431680
0$
#431700
1$
#431720
0$
1%
#431740
b1000000010 "
b1000000010 .
1$
#431760
0$
0%
#431780
1$
#431800
0$
#431820
1$
#431840
0$
#431860
1$
#431880
0$
#431900
1$
#431920
0$
#431940
1$
#431960
0$
#431980
1$
#432000
0$
#432020
1$
#432040
0$
#432060
1$
#432080
0$
#432100
1$
#432120
0$
#432140
1$
#432160
0$
#432180
1$
#432200
0$
#432220
1$
#432240
0$
#432260
1$
#432280
0$
#432300
1$
#432320
0$
#432340
1$
#432360
0$
#432380
1$
#432400
0$
#432420
1$
#432440
0$
#432460
1$
#432480
0$
#432500
1$
#432520
0$
#432540
1$
#432560
0$
1%
#432580
b1000000011 "
b1000000011 .
1$
#432600
0$
0%
#432620
1$
#432640
0$
#432660
1$
#432680
0$
#432700
1$
#432720
0$
#432740
1$
#432760
0$
#432780
1$
#432800
0$
#432820
1$
#432840
0$
#432860
1$
#432880
0$
#432900
1$
#432920
0$
#432940
1$
#432960
0$
#432980
1$
#433000
0$
#433020
1$
#433040
0$
#433060
1$
#433080
0$
#433100
1$
#433120
0$
#433140
1$
#433160
0$
#433180
1$
#433200
0$
#433220
1$
#433240
0$
#433260
1$
#433280
0$
#433300
1$
#433320
0$
#433340
1$
#433360
0$
#433380
1$
#433400
0$
1%
#433420
b1000000100 "
b1000000100 .
1$
#433440
0$
0%
#433460
1$
#433480
0$
#433500
1$
#433520
0$
#433540
1$
#433560
0$
#433580
1$
#433600
0$
#433620
1$
#433640
0$
#433660
1$
#433680
0$
#433700
1$
#433720
0$
#433740
1$
#433760
0$
#433780
1$
#433800
0$
#433820
1$
#433840
0$
#433860
1$
#433880
0$
#433900
1$
#433920
0$
#433940
1$
#433960
0$
#433980
1$
#434000
0$
#434020
1$
#434040
0$
#434060
1$
#434080
0$
#434100
1$
#434120
0$
#434140
1$
#434160
0$
#434180
1$
#434200
0$
#434220
1$
#434240
0$
1%
#434260
b1000000101 "
b1000000101 .
1$
#434280
0$
0%
#434300
1$
#434320
0$
#434340
1$
#434360
0$
#434380
1$
#434400
0$
#434420
1$
#434440
0$
#434460
1$
#434480
0$
#434500
1$
#434520
0$
#434540
1$
#434560
0$
#434580
1$
#434600
0$
#434620
1$
#434640
0$
#434660
1$
#434680
0$
#434700
1$
#434720
0$
#434740
1$
#434760
0$
#434780
1$
#434800
0$
#434820
1$
#434840
0$
#434860
1$
#434880
0$
#434900
1$
#434920
0$
#434940
1$
#434960
0$
#434980
1$
#435000
0$
#435020
1$
#435040
0$
#435060
1$
#435080
0$
1%
#435100
b1000000110 "
b1000000110 .
1$
#435120
0$
0%
#435140
1$
#435160
0$
#435180
1$
#435200
0$
#435220
1$
#435240
0$
#435260
1$
#435280
0$
#435300
1$
#435320
0$
#435340
1$
#435360
0$
#435380
1$
#435400
0$
#435420
1$
#435440
0$
#435460
1$
#435480
0$
#435500
1$
#435520
0$
#435540
1$
#435560
0$
#435580
1$
#435600
0$
#435620
1$
#435640
0$
#435660
1$
#435680
0$
#435700
1$
#435720
0$
#435740
1$
#435760
0$
#435780
1$
#435800
0$
#435820
1$
#435840
0$
#435860
1$
#435880
0$
#435900
1$
#435920
0$
1%
#435940
b1000000111 "
b1000000111 .
1$
#435960
0$
0%
#435980
1$
#436000
0$
#436020
1$
#436040
0$
#436060
1$
#436080
0$
#436100
1$
#436120
0$
#436140
1$
#436160
0$
#436180
1$
#436200
0$
#436220
1$
#436240
0$
#436260
1$
#436280
0$
#436300
1$
#436320
0$
#436340
1$
#436360
0$
#436380
1$
#436400
0$
#436420
1$
#436440
0$
#436460
1$
#436480
0$
#436500
1$
#436520
0$
#436540
1$
#436560
0$
#436580
1$
#436600
0$
#436620
1$
#436640
0$
#436660
1$
#436680
0$
#436700
1$
#436720
0$
#436740
1$
#436760
0$
1%
#436780
b1000001000 "
b1000001000 .
1$
#436800
0$
0%
#436820
1$
#436840
0$
#436860
1$
#436880
0$
#436900
1$
#436920
0$
#436940
1$
#436960
0$
#436980
1$
#437000
0$
#437020
1$
#437040
0$
#437060
1$
#437080
0$
#437100
1$
#437120
0$
#437140
1$
#437160
0$
#437180
1$
#437200
0$
#437220
1$
#437240
0$
#437260
1$
#437280
0$
#437300
1$
#437320
0$
#437340
1$
#437360
0$
#437380
1$
#437400
0$
#437420
1$
#437440
0$
#437460
1$
#437480
0$
#437500
1$
#437520
0$
#437540
1$
#437560
0$
#437580
1$
#437600
0$
1%
#437620
b1000001001 "
b1000001001 .
1$
#437640
0$
0%
#437660
1$
#437680
0$
#437700
1$
#437720
0$
#437740
1$
#437760
0$
#437780
1$
#437800
0$
#437820
1$
#437840
0$
#437860
1$
#437880
0$
#437900
1$
#437920
0$
#437940
1$
#437960
0$
#437980
1$
#438000
0$
#438020
1$
#438040
0$
#438060
1$
#438080
0$
#438100
1$
#438120
0$
#438140
1$
#438160
0$
#438180
1$
#438200
0$
#438220
1$
#438240
0$
#438260
1$
#438280
0$
#438300
1$
#438320
0$
#438340
1$
#438360
0$
#438380
1$
#438400
0$
#438420
1$
#438440
0$
1%
#438460
b1000001010 "
b1000001010 .
1$
#438480
0$
0%
#438500
1$
#438520
0$
#438540
1$
#438560
0$
#438580
1$
#438600
0$
#438620
1$
#438640
0$
#438660
1$
#438680
0$
#438700
1$
#438720
0$
#438740
1$
#438760
0$
#438780
1$
#438800
0$
#438820
1$
#438840
0$
#438860
1$
#438880
0$
#438900
1$
#438920
0$
#438940
1$
#438960
0$
#438980
1$
#439000
0$
#439020
1$
#439040
0$
#439060
1$
#439080
0$
#439100
1$
#439120
0$
#439140
1$
#439160
0$
#439180
1$
#439200
0$
#439220
1$
#439240
0$
#439260
1$
#439280
0$
1%
#439300
b1000001011 "
b1000001011 .
1$
#439320
0$
0%
#439340
1$
#439360
0$
#439380
1$
#439400
0$
#439420
1$
#439440
0$
#439460
1$
#439480
0$
#439500
1$
#439520
0$
#439540
1$
#439560
0$
#439580
1$
#439600
0$
#439620
1$
#439640
0$
#439660
1$
#439680
0$
#439700
1$
#439720
0$
#439740
1$
#439760
0$
#439780
1$
#439800
0$
#439820
1$
#439840
0$
#439860
1$
#439880
0$
#439900
1$
#439920
0$
#439940
1$
#439960
0$
#439980
1$
#440000
0$
#440020
1$
#440040
0$
#440060
1$
#440080
0$
#440100
1$
#440120
0$
1%
#440140
b1000001100 "
b1000001100 .
1$
#440160
0$
0%
#440180
1$
